TABLE_NAME,COLUMN_NAME,COLUMN_TYPE,IS_NULLABLE,COLUMN_KEY,COLUMN_DEFAULT
QRTZ_BLOB_TRIGGERS,SCHED_NAME,varchar(120),NO,PRI,
QRTZ_BLOB_TRIGGERS,TRIGGER_NAME,varchar(200),NO,PRI,
QRTZ_BLOB_TRIGGERS,TRIGGER_GROUP,varchar(200),NO,PRI,
QRTZ_BLOB_TRIGGERS,BLOB_DATA,blob,YES,,
QRTZ_CALENDARS,SCHED_NAME,varchar(120),NO,PRI,
QRTZ_CALENDARS,CALENDAR_NAME,varchar(200),NO,PRI,
QRTZ_CALENDARS,CALENDAR,blob,NO,,
QRTZ_CRON_TRIGGERS,SCHED_NAME,varchar(120),NO,PRI,
QRTZ_CRON_TRIGGERS,TRIGGER_NAME,varchar(200),NO,PRI,
QRTZ_CRON_TRIGGERS,TRIGGER_GROUP,varchar(200),NO,PRI,
QRTZ_CRON_TRIGGERS,CRON_EXPRESSION,varchar(200),NO,,
QRTZ_CRON_TRIGGERS,TIME_ZONE_ID,varchar(80),YES,,
QRTZ_FIRED_TRIGGERS,SCHED_NAME,varchar(120),NO,PRI,
QRTZ_FIRED_TRIGGERS,ENTRY_ID,varchar(95),NO,PRI,
QRTZ_FIRED_TRIGGERS,TRIGGER_NAME,varchar(200),NO,,
QRTZ_FIRED_TRIGGERS,TRIGGER_GROUP,varchar(200),NO,,
QRTZ_FIRED_TRIGGERS,INSTANCE_NAME,varchar(200),NO,,
QRTZ_FIRED_TRIGGERS,FIRED_TIME,bigint,NO,,
QRTZ_FIRED_TRIGGERS,SCHED_TIME,bigint,NO,,
QRTZ_FIRED_TRIGGERS,PRIORITY,int,NO,,
QRTZ_FIRED_TRIGGERS,STATE,varchar(16),NO,,
QRTZ_FIRED_TRIGGERS,JOB_NAME,varchar(200),YES,,
QRTZ_FIRED_TRIGGERS,JOB_GROUP,varchar(200),YES,,
QRTZ_FIRED_TRIGGERS,IS_NONCONCURRENT,varchar(1),YES,,
QRTZ_FIRED_TRIGGERS,REQUESTS_RECOVERY,varchar(1),YES,,
QRTZ_JOB_DETAILS,SCHED_NAME,varchar(120),NO,PRI,
QRTZ_JOB_DETAILS,JOB_NAME,varchar(200),NO,PRI,
QRTZ_JOB_DETAILS,JOB_GROUP,varchar(200),NO,PRI,
QRTZ_JOB_DETAILS,DESCRIPTION,varchar(250),YES,,
QRTZ_JOB_DETAILS,JOB_CLASS_NAME,varchar(250),NO,,
QRTZ_JOB_DETAILS,IS_DURABLE,varchar(1),NO,,
QRTZ_JOB_DETAILS,IS_NONCONCURRENT,varchar(1),NO,,
QRTZ_JOB_DETAILS,IS_UPDATE_DATA,varchar(1),NO,,
QRTZ_JOB_DETAILS,REQUESTS_RECOVERY,varchar(1),NO,,
QRTZ_JOB_DETAILS,JOB_DATA,blob,YES,,
QRTZ_LOCKS,SCHED_NAME,varchar(120),NO,PRI,
QRTZ_LOCKS,LOCK_NAME,varchar(40),NO,PRI,
QRTZ_PAUSED_TRIGGER_GRPS,SCHED_NAME,varchar(120),NO,PRI,
QRTZ_PAUSED_TRIGGER_GRPS,TRIGGER_GROUP,varchar(200),NO,PRI,
QRTZ_SCHEDULER_STATE,SCHED_NAME,varchar(120),NO,PRI,
QRTZ_SCHEDULER_STATE,INSTANCE_NAME,varchar(200),NO,PRI,
QRTZ_SCHEDULER_STATE,LAST_CHECKIN_TIME,bigint,NO,,
QRTZ_SCHEDULER_STATE,CHECKIN_INTERVAL,bigint,NO,,
QRTZ_SIMPLE_TRIGGERS,SCHED_NAME,varchar(120),NO,PRI,
QRTZ_SIMPLE_TRIGGERS,TRIGGER_NAME,varchar(200),NO,PRI,
QRTZ_SIMPLE_TRIGGERS,TRIGGER_GROUP,varchar(200),NO,PRI,
QRTZ_SIMPLE_TRIGGERS,REPEAT_COUNT,bigint,NO,,
QRTZ_SIMPLE_TRIGGERS,REPEAT_INTERVAL,bigint,NO,,
QRTZ_SIMPLE_TRIGGERS,TIMES_TRIGGERED,bigint,NO,,
QRTZ_SIMPROP_TRIGGERS,SCHED_NAME,varchar(120),NO,PRI,
QRTZ_SIMPROP_TRIGGERS,TRIGGER_NAME,varchar(200),NO,PRI,
QRTZ_SIMPROP_TRIGGERS,TRIGGER_GROUP,varchar(200),NO,PRI,
QRTZ_SIMPROP_TRIGGERS,STR_PROP_1,varchar(512),YES,,
QRTZ_SIMPROP_TRIGGERS,STR_PROP_2,varchar(512),YES,,
QRTZ_SIMPROP_TRIGGERS,STR_PROP_3,varchar(512),YES,,
QRTZ_SIMPROP_TRIGGERS,INT_PROP_1,int,YES,,
QRTZ_SIMPROP_TRIGGERS,INT_PROP_2,int,YES,,
QRTZ_SIMPROP_TRIGGERS,LONG_PROP_1,bigint,YES,,
QRTZ_SIMPROP_TRIGGERS,LONG_PROP_2,bigint,YES,,
QRTZ_SIMPROP_TRIGGERS,DEC_PROP_1,"decimal(13,4)",YES,,
QRTZ_SIMPROP_TRIGGERS,DEC_PROP_2,"decimal(13,4)",YES,,
QRTZ_SIMPROP_TRIGGERS,BOOL_PROP_1,varchar(1),YES,,
QRTZ_SIMPROP_TRIGGERS,BOOL_PROP_2,varchar(1),YES,,
QRTZ_TRIGGERS,SCHED_NAME,varchar(120),NO,PRI,
QRTZ_TRIGGERS,TRIGGER_NAME,varchar(200),NO,PRI,
QRTZ_TRIGGERS,TRIGGER_GROUP,varchar(200),NO,PRI,
QRTZ_TRIGGERS,JOB_NAME,varchar(200),NO,,
QRTZ_TRIGGERS,JOB_GROUP,varchar(200),NO,,
QRTZ_TRIGGERS,DESCRIPTION,varchar(250),YES,,
QRTZ_TRIGGERS,NEXT_FIRE_TIME,bigint,YES,,
QRTZ_TRIGGERS,PREV_FIRE_TIME,bigint,YES,,
QRTZ_TRIGGERS,PRIORITY,int,YES,,
QRTZ_TRIGGERS,TRIGGER_STATE,varchar(16),NO,,
QRTZ_TRIGGERS,TRIGGER_TYPE,varchar(8),NO,,
QRTZ_TRIGGERS,START_TIME,bigint,NO,,
QRTZ_TRIGGERS,END_TIME,bigint,YES,,
QRTZ_TRIGGERS,CALENDAR_NAME,varchar(200),YES,,
QRTZ_TRIGGERS,MISFIRE_INSTR,smallint,YES,,
QRTZ_TRIGGERS,JOB_DATA,blob,YES,,
REVINFO,rev,int unsigned,NO,PRI,
REVINFO,revtstmp,bigint,YES,,
access_pattern,id,int unsigned,NO,PRI,
access_pattern,access_resource_id,int unsigned,NO,MUL,
access_pattern,url_pattern,varchar(100),NO,UNI,
access_pattern,created,datetime,NO,,
access_pattern,updated,timestamp,NO,,CURRENT_TIMESTAMP
access_resource,id,int unsigned,NO,PRI,
access_resource,name,varchar(100),NO,UNI,
access_resource,access_resource_group_id,int unsigned,YES,MUL,
access_resource,level,"enum('TENANT','FACILITY','BOTH')",NO,,FACILITY
access_resource,created,datetime,NO,,
access_resource,updated,timestamp,NO,,CURRENT_TIMESTAMP
access_resource_group,id,int unsigned,NO,PRI,
access_resource_group,name,varchar(45),NO,UNI,
access_resource_group,created,datetime,NO,,
access_resource_group,updated,timestamp,NO,,CURRENT_TIMESTAMP
address_detail,id,int unsigned,NO,PRI,
address_detail,tenant_id,int unsigned,NO,MUL,
address_detail,name,varchar(200),YES,,
address_detail,address_line1,varchar(750),YES,,
address_detail,address_line2,varchar(750),YES,,
address_detail,city,varchar(100),NO,,
address_detail,district,varchar(100),YES,,
address_detail,state_code,varchar(45),NO,,
address_detail,country_code,varchar(2),NO,,IN
address_detail,pincode,varchar(45),NO,,
address_detail,latitude,varchar(400),YES,,
address_detail,longitude,varchar(400),YES,,
address_detail,phone,varchar(200),YES,,
address_detail,email,varchar(200),YES,,
address_detail,channel_source_code,varchar(45),YES,,
address_detail,created,datetime,NO,MUL,
address_detail,updated,timestamp,NO,,CURRENT_TIMESTAMP
address_detail,address_type,varchar(10),YES,,
address_detail,gstin,varchar(15),YES,,
advance_shipping_notice,id,int unsigned,NO,PRI,
advance_shipping_notice,facility_id,int unsigned,NO,MUL,
advance_shipping_notice,code,varchar(45),NO,,
advance_shipping_notice,purchase_order_id,int unsigned,NO,MUL,
advance_shipping_notice,expected_delivery_date,datetime,NO,,
advance_shipping_notice,status_code,varchar(45),NO,MUL,
advance_shipping_notice,created,datetime,NO,,
advance_shipping_notice,updated,timestamp,NO,,CURRENT_TIMESTAMP
advance_shipping_notice_batch,id,int unsigned,NO,PRI,
advance_shipping_notice_batch,advance_shipping_notice_id,int unsigned,NO,,
advance_shipping_notice_batch,code,varchar(45),NO,,
advance_shipping_notice_batch,mrp,"decimal(12,2) unsigned",YES,,
advance_shipping_notice_batch,cost,"decimal(12,2) unsigned",YES,,
advance_shipping_notice_batch,vendor_code,varchar(45),YES,,
advance_shipping_notice_batch,mfd,date,YES,,
advance_shipping_notice_batch,expiry_date,date,YES,,
advance_shipping_notice_batch,vendor_batch_number,varchar(45),YES,,
advance_shipping_notice_batch,sku_code,varchar(100),NO,MUL,
advance_shipping_notice_batch,created,datetime,NO,,
advance_shipping_notice_batch,updated,timestamp,NO,,CURRENT_TIMESTAMP
advance_shipping_notice_batch,coo,varchar(100),YES,,
advance_shipping_notice_batch,boe,varchar(100),YES,,
advance_shipping_notice_batch,trade_price,"decimal(12,2) unsigned",YES,,
advance_shipping_notice_batch,ean,varchar(13),YES,,
advance_shipping_notice_item,id,int unsigned,NO,PRI,
advance_shipping_notice_item,advance_shipping_notice_id,int unsigned,NO,MUL,
advance_shipping_notice_item,purchase_order_item_id,int unsigned,NO,MUL,
advance_shipping_notice_item,quantity,int unsigned,NO,,
advance_shipping_notice_item,created,datetime,NO,,
advance_shipping_notice_item,updated,timestamp,NO,,CURRENT_TIMESTAMP
advance_shipping_notice_item,item_id,int unsigned,YES,MUL,
advance_shipping_notice_item,advance_shipping_notice_batch_id,int unsigned,YES,,
advance_shipping_notice_status,id,int unsigned,NO,PRI,
advance_shipping_notice_status,code,varchar(45),NO,UNI,
advance_shipping_notice_status,description,varchar(45),YES,,
api_user,id,int unsigned,NO,PRI,
api_user,tenant_id,int unsigned,NO,MUL,
api_user,username,varchar(45),NO,,
api_user,uniware_user_id,int unsigned,NO,MUL,
api_user,password,varchar(256),NO,,
api_user,api_name,varchar(45),NO,,
api_user,enabled,tinyint(1),NO,,1
api_user,created,datetime,NO,,
api_user,updated,timestamp,NO,,CURRENT_TIMESTAMP
archival_audit,table_name,varchar(255),NO,PRI,
archival_audit,run_25_12_05_03_49PM,bigint,YES,,
archival_audit,run_25_12_06_12_57AM,bigint,YES,,
async_provider_allocation,id,int unsigned,NO,PRI,
async_provider_allocation,shipping_package_id,int unsigned,NO,MUL,
async_provider_allocation,shipping_provider_code,varchar(128),NO,,
async_provider_allocation,status_code,varchar(45),NO,,
async_provider_allocation,reference_number,varchar(255),YES,,
async_provider_allocation,preference_map,text,YES,,
async_provider_allocation,created,timestamp,NO,,CURRENT_TIMESTAMP
async_provider_allocation,updated,timestamp,NO,,CURRENT_TIMESTAMP
async_provider_allocation_courier,id,int unsigned,NO,PRI,
async_provider_allocation_courier,async_provider_allocation_id,int unsigned,NO,MUL,
async_provider_allocation_courier,shipping_courier,varchar(255),NO,,
async_provider_allocation_courier,status_code,varchar(45),NO,,
async_provider_allocation_courier,retry_counter,int,YES,,
async_provider_allocation_courier,max_retry,int,YES,,
async_provider_allocation_courier,retry_time_in_ms,bigint,YES,,
async_provider_allocation_courier,message,varchar(255),YES,,
async_provider_allocation_courier,cancelled,tinyint(1),NO,,
async_provider_allocation_courier,created,timestamp,NO,,CURRENT_TIMESTAMP
async_provider_allocation_courier,updated,timestamp,NO,,CURRENT_TIMESTAMP
async_script_instruction,id,int unsigned,NO,PRI,
async_script_instruction,name,varchar(100),NO,,
async_script_instruction,task_class,varchar(512),NO,,
async_script_instruction,result,text,YES,,
async_script_instruction,status_code,varchar(45),NO,,
async_script_instruction,script_name,varchar(150),YES,,
async_script_instruction,instruction_name,varchar(150),NO,,
async_script_instruction,scheduled_time,datetime,NO,,
async_script_instruction,tenant_id,int unsigned,NO,MUL,
async_script_instruction,callback,varchar(200),YES,,
async_script_instruction,created,datetime,NO,,
async_script_instruction,updated,timestamp,NO,,CURRENT_TIMESTAMP
async_script_instruction_parameter,id,int unsigned,NO,PRI,
async_script_instruction_parameter,async_script_instruction_id,int unsigned,YES,MUL,
async_script_instruction_parameter,name,varchar(64),NO,,
async_script_instruction_parameter,value,varchar(256),YES,,
batch,id,int unsigned,NO,PRI,
batch,tenant_id,int unsigned,NO,MUL,
batch,batch_group_id,int unsigned,NO,MUL,
batch,code,varchar(45),NO,,
batch,enabled,tinyint(1),YES,,1
batch,mrp,"decimal(12,2) unsigned",YES,,
batch,cost,"decimal(12,2) unsigned",YES,,
batch,vendor_code,varchar(45),YES,,
batch,mfd,date,YES,,
batch,expiry_date,date,YES,,
batch,vendor_batch_number,varchar(45),YES,,
batch,sku_code,varchar(100),NO,MUL,
batch,item_type_id,int unsigned,NO,MUL,
batch,updated,timestamp,NO,,CURRENT_TIMESTAMP
batch,created,datetime,NO,,
batch,expired,tinyint(1),YES,,0
batch,about_to_expire,tinyint(1),YES,,0
batch,about_to_expire_mark_date,datetime,YES,,
batch,tolerance,int,NO,,0
batch,coo,varchar(100),YES,,
batch,boe,varchar(100),YES,,
batch,recall_flag,tinyint(1),NO,,0
batch,trade_price,"decimal(12,2) unsigned",YES,,
batch,ean,varchar(13),YES,,
batch_group,id,int unsigned,NO,PRI,
batch_group,tenant_id,int unsigned,NO,MUL,
batch_group,code,varchar(100),NO,,
batch_group,name,varchar(100),NO,,
batch_group,created,datetime,NO,,
batch_group,updated,timestamp,NO,,CURRENT_TIMESTAMP
batch_group,enabled,tinyint(1),YES,,0
batch_group,mrp,tinyint(1),YES,,0
batch_group,cost,tinyint(1),YES,,0
batch_group,vendor,tinyint(1),YES,,0
batch_group,mfd,tinyint(1),YES,,0
batch_group,expiry_date,tinyint(1),YES,,0
batch_group,vendor_batch_number,tinyint(1),YES,,0
batch_group,coo,tinyint(1),YES,,0
batch_group,boe,tinyint(1),YES,,0
batch_group,trade_price,tinyint(1),YES,,0
batch_group,ean,tinyint(1),YES,,0
billing_party,id,int unsigned,NO,PRI,
billing_party,retail_invoice_sequence,varchar(100),NO,,
billing_party,tax_invoice_sequence,varchar(100),NO,,
billing_party,sale_invoice_sequence,varchar(100),YES,,
billing_party,sale_return_invoice_sequence,varchar(100),YES,,
billing_party,party_id,int unsigned,YES,MUL,
billing_party_associated_facility,id,int unsigned,NO,PRI,
billing_party_associated_facility,billing_party_id,int unsigned,NO,MUL,
billing_party_associated_facility,facility_id,int unsigned,NO,MUL,
billing_party_associated_facility,created,datetime,NO,,
billing_party_associated_facility,updated,timestamp,NO,,CURRENT_TIMESTAMP
binary_object,id,int unsigned,NO,PRI,
binary_object,name,varchar(100),NO,,
binary_object,content,mediumblob,YES,,
binary_object,content_type,varchar(45),NO,,
binary_object,size,bigint unsigned,NO,,
binary_object,created,timestamp,NO,,CURRENT_TIMESTAMP
blindindex_ciphertext_mapping,id,int unsigned,NO,PRI,
blindindex_ciphertext_mapping,tenant_id,int unsigned,NO,MUL,
blindindex_ciphertext_mapping,blind_index,varchar(255),YES,,
blindindex_ciphertext_mapping,cipher_text,varchar(255),YES,,
blindindex_ciphertext_mapping,created,timestamp,NO,,CURRENT_TIMESTAMP
blindindex_ciphertext_mapping,updated,timestamp,NO,,CURRENT_TIMESTAMP
box,id,int unsigned,NO,PRI,
box,code,varchar(45),NO,,
box,box_no,int,NO,,
box,facility_id,int unsigned,NO,MUL,
box,status_code,varchar(45),NO,,OPEN
box,shipping_package_id,int unsigned,NO,MUL,
box,created,datetime,NO,,
box,updated,timestamp,NO,,CURRENT_TIMESTAMP
box,channel_box_code,varchar(45),YES,,
box,shipping_package_type_id,int unsigned,YES,MUL,
box_item,id,int unsigned,NO,PRI,
box_item,sale_order_item_id,int unsigned,NO,MUL,
box_item,box_id,int unsigned,NO,MUL,
box_item,created,datetime,NO,,
box_item_metadata,id,int unsigned,NO,PRI,
box_item_metadata,quantity,int unsigned,YES,,
box_item_metadata,item_type_inventory_allocation_id,int unsigned,NO,MUL,
box_item_metadata,entity_id,int unsigned,YES,MUL,
box_item_metadata,box_type,enum('PICKLIST'),YES,,
box_item_metadata,box_item_id,int unsigned,NO,MUL,
box_item_metadata,picklist_metadata_id,int unsigned,YES,,
box_item_metadata,status_code,"enum('SCANNED','CANCELLED')",YES,,
box_item_metadata,created,timestamp,NO,,CURRENT_TIMESTAMP
box_item_metadata,updated,timestamp,NO,,CURRENT_TIMESTAMP
bundle,id,int unsigned,NO,PRI,
bundle,tenant_id,int unsigned,NO,MUL,
bundle,code,varchar(45),NO,UNI,
bundle,item_type_id,int unsigned,NO,MUL,
bundle,tax_calculation_type,"enum('PRICE_OF_BUNDLE_SKU','PRICE_OF_COMPONENT_SKU')",NO,,PRICE_OF_BUNDLE_SKU
bundle,created,datetime,NO,,
bundle,updated,timestamp,NO,,CURRENT_TIMESTAMP
bundle_detail,id,int,NO,PRI,
bundle_detail,bundle_id,int,NO,,
bundle_detail,shipping_package_id,int,NO,MUL,
bundle_detail,combination_identifier,varchar(45),NO,,
bundle_detail,sale_order_id,int,NO,,
bundle_detail,item_count,int,YES,,
bundle_detail,status,varchar(20),NO,,
bundle_detail,tenant_id,int unsigned,NO,,
bundle_detail,facility_id,int unsigned,YES,MUL,
bundle_detail,created,datetime,NO,,
bundle_detail,updated,timestamp,NO,,CURRENT_TIMESTAMP
bundle_detail,shelf_code,varchar(45),YES,,
bundle_detail_state_mapping,id,int unsigned,NO,PRI,
bundle_detail_state_mapping,bundle_detail_id,int,NO,MUL,
bundle_detail_state_mapping,state,varchar(30),NO,,NOT_STARTED
bundle_detail_state_mapping,picklist_id,int unsigned,NO,MUL,
bundle_detail_state_mapping,created,datetime,NO,,
bundle_detail_state_mapping,updated,timestamp,NO,,CURRENT_TIMESTAMP
bundle_detail_state_mapping_old,bundle_detail_id,int,NO,PRI,
bundle_detail_state_mapping_old,state,varchar(30),NO,,NOT_STARTED
bundle_detail_state_mapping_old,created,datetime,NO,,
bundle_detail_state_mapping_old,updated,timestamp,NO,,CURRENT_TIMESTAMP
bundle_detail_state_migration,id,int unsigned,NO,PRI,
bundle_detail_state_migration,bundle_detail_id,int,NO,,
bundle_detail_state_migration,state,varchar(30),NO,,NOT_STARTED
bundle_detail_state_migration,picklist_id,int unsigned,NO,,
bundle_detail_state_migration,created,datetime,NO,,
bundle_detail_state_migration,updated,timestamp,NO,,CURRENT_TIMESTAMP
bundle_item_type,id,int unsigned,NO,PRI,
bundle_item_type,bundle_id,int unsigned,NO,MUL,
bundle_item_type,item_type_id,int unsigned,NO,MUL,
bundle_item_type,quantity,int unsigned,NO,,0
bundle_item_type,price,"decimal(12,2) unsigned",NO,,
bundle_item_type,price_ratio,"decimal(12,5) unsigned",NO,,
bundle_item_type,created,datetime,NO,,
bundle_item_type,updated,timestamp,NO,,CURRENT_TIMESTAMP
business_line,id,int unsigned,NO,PRI,
business_line,display_name,varchar(100),NO,,
carton_type,id,int unsigned,NO,PRI,
carton_type,tenant_id,int unsigned,NO,MUL,
carton_type,code,varchar(45),NO,,
carton_type,scan_identifier,varchar(45),NO,,
carton_type,vendor_id,int unsigned,YES,MUL,
carton_type,type,varchar(50),NO,,
carton_type,parent_carton_id,int unsigned,YES,,
carton_type,enabled,tinyint(1),NO,,1
carton_type,created,timestamp,NO,,
carton_type,updated,timestamp,NO,,CURRENT_TIMESTAMP
carton_type,created_by,int unsigned,NO,MUL,
carton_type,hashcode,varchar(128),YES,,
carton_type,is_spq,tinyint(1),NO,,0
carton_type_item,id,int unsigned,NO,PRI,
carton_type_item,carton_id,int unsigned,NO,MUL,
carton_type_item,item_type_id,int unsigned,NO,MUL,
carton_type_item,sku_code,varchar(255),NO,MUL,
carton_type_item,quantity,int,NO,,
carton_type_item,created,timestamp,NO,,
carton_type_item,updated,timestamp,NO,,CURRENT_TIMESTAMP
category,id,int unsigned,NO,PRI,
category,tenant_id,int unsigned,NO,MUL,
category,code,varchar(45),NO,MUL,
category,name,varchar(200),NO,MUL,
category,tax_type_id,int unsigned,YES,MUL,
category,traceable,tinyint(1),NO,,1
category,item_detail_fields,varchar(100),YES,,
category,created,datetime,NO,,
category,updated,timestamp,NO,,CURRENT_TIMESTAMP
category,hsn_code,varchar(45),YES,,
category,gst_tax_type_id,int unsigned,YES,MUL,
category,expirable,tinyint(1),YES,,0
category,shelf_life,int unsigned,YES,,0
category,grn_expiry_tolerance,int,NO,,75
category,dispatch_expiry_tolerance,int,NO,,30
category,return_expiry_tolerance,int,NO,,30
category,determine_expiry_from,"enum('MANUFACTURING_DATE','EXPIRY_DATE')",NO,,MANUFACTURING_DATE
category,tolerance_in,"enum('PERCENTAGE','ABSOLUTE')",NO,,PERCENTAGE
category_section_mapping,id,int unsigned,NO,PRI,
category_section_mapping,category_id,int unsigned,NO,MUL,
category_section_mapping,section_id,int unsigned,NO,MUL,
category_section_mapping,enabled,tinyint(1),NO,,1
category_section_mapping,created,datetime,NO,,
category_section_mapping,updated,timestamp,NO,,CURRENT_TIMESTAMP
channel,id,int unsigned,NO,PRI,
channel,tenant_id,int unsigned,NO,MUL,
channel,source_code,varchar(45),NO,,
channel,code,varchar(128),NO,MUL,
channel,name,varchar(128),NO,,
channel,enabled,tinyint(1),NO,,1
channel,associated_facility_id,int unsigned,YES,,
channel,short_name,varchar(2),NO,,
channel,color_code,varchar(20),YES,,
channel,inventory_sync_status,"enum('NOT_AVAILABLE','ON','OFF')",NO,,NOT_AVAILABLE
channel,catalog_sync_status,"enum('NOT_AVAILABLE','ON','OFF')",NO,,NOT_AVAILABLE
channel,order_sync_status,"enum('NOT_AVAILABLE','ON','OFF')",NO,,NOT_AVAILABLE
channel,pricing_sync_status,"enum('NOT_AVAILABLE','ON','OFF')",NO,,NOT_AVAILABLE
channel,third_party_shipping,tinyint(1),NO,,0
channel,customer_id,int unsigned,YES,MUL,
channel,billing_party_id,int unsigned,YES,MUL,
channel,ledger_name,varchar(255),NO,,
channel,http_proxy_host,varchar(256),YES,,
channel,http_proxy_port,varchar(10),YES,,
channel,created,datetime,NO,,
channel,updated,timestamp,NO,,CURRENT_TIMESTAMP
channel,reconciliation_sync_status,"enum('NOT_AVAILABLE','ON','OFF')",NO,,NOT_AVAILABLE
channel,business_line_id,int unsigned,YES,MUL,
channel,default_facility_id,int unsigned,YES,,
channel_associated_facility,id,int unsigned,NO,PRI,
channel_associated_facility,channel_id,int unsigned,NO,MUL,
channel_associated_facility,facility_id,int unsigned,NO,MUL,
channel_associated_facility,created,datetime,NO,,
channel_bkp,id,int unsigned,NO,PRI,
channel_bkp,channel_id,int unsigned,NO,,
channel_bkp,http_proxy_host,varchar(256),YES,,
channel_bkp,http_proxy_port,varchar(10),YES,,
channel_blocked_inventory,id,int unsigned,NO,PRI,
channel_blocked_inventory,facility_id,int unsigned,NO,MUL,
channel_blocked_inventory,type,enum('CART'),NO,,CART
channel_blocked_inventory,identifier,varchar(128),NO,,
channel_blocked_inventory,item_type_id,int unsigned,NO,MUL,
channel_blocked_inventory,item_type_inventory_id,int unsigned,NO,MUL,
channel_blocked_inventory,channel_id,int unsigned,NO,MUL,
channel_blocked_inventory,status_code,"enum('BLOCKED','CANCELLED','FULFILLED')",NO,,BLOCKED
channel_blocked_inventory,quantity,int unsigned,NO,,
channel_blocked_inventory,cancelled_quantity,int,NO,,0
channel_blocked_inventory,fulfilled_quantity,int,NO,,0
channel_blocked_inventory,created,datetime,NO,,
channel_blocked_inventory,updated,timestamp,NO,,CURRENT_TIMESTAMP
channel_category,id,int unsigned,NO,PRI,
channel_category,code,varchar(128),NO,,
channel_category,display_code,varchar(45),YES,,
channel_category,sub_category,varchar(45),YES,,
channel_category,marketplace_category_name,varchar(45),YES,,
channel_category,marketplace_vertical,varchar(45),YES,,
channel_category,representative_fsn,varchar(45),YES,,
channel_category,seller_tier,varchar(45),YES,,
channel_category,tenant_id,int unsigned,NO,MUL,
channel_category,channel_id,int unsigned,NO,MUL,
channel_category,enabled,tinyint(1),NO,,1
channel_category,created,datetime,NO,,CURRENT_TIMESTAMP
channel_category,updated,timestamp,NO,,CURRENT_TIMESTAMP
channel_category,brand,varchar(255),YES,,
channel_category,gender,varchar(50),YES,,
channel_configuration_parameter,id,int unsigned,NO,PRI,
channel_configuration_parameter,channel_id,int unsigned,NO,MUL,
channel_configuration_parameter,source_configuration_parameter_name,varchar(254),YES,,
channel_configuration_parameter,value,varchar(5000),YES,,
channel_configuration_parameter,created,datetime,NO,,
channel_configuration_parameter,updated,timestamp,NO,,CURRENT_TIMESTAMP
channel_connector,id,int unsigned,NO,PRI,
channel_connector,channel_id,int unsigned,NO,MUL,
channel_connector,source_connector_name,varchar(200),NO,,
channel_connector,status_code,"enum('NOT_CONFIGURED','ACTIVE','BROKEN','INVALID_CREDENTIALS')",NO,,NOT_CONFIGURED
channel_connector,failed_count,int unsigned,NO,,0
channel_connector,error_message,text,YES,,
channel_connector,created,datetime,NO,,
channel_connector,updated,timestamp,NO,,CURRENT_TIMESTAMP
channel_connector_parameter,id,int unsigned,NO,PRI,
channel_connector_parameter,channel_connector_id,int unsigned,NO,MUL,
channel_connector_parameter,name,varchar(256),NO,,
channel_connector_parameter,value,text,YES,,
channel_connector_parameter,encrypted,tinyint(1),NO,,0
channel_connector_parameter,created,datetime,NO,,
channel_connector_parameter,updated,timestamp,NO,,CURRENT_TIMESTAMP
channel_facility_mapping_history,id,int unsigned,NO,PRI,
channel_facility_mapping_history,channel_id,int unsigned,NO,MUL,
channel_facility_mapping_history,facility_id,int unsigned,NO,MUL,
channel_facility_mapping_history,tenant_id,int unsigned,NO,MUL,
channel_facility_mapping_history,associated,tinyint(1),NO,,0
channel_facility_mapping_history,reason_for_association_and_de_association,varchar(400),YES,,
channel_facility_mapping_history,eta_for_association_and_de_association,datetime,YES,,
channel_facility_mapping_history,created,datetime,NO,,
channel_group,id,int unsigned,NO,PRI,
channel_group,code,varchar(45),NO,MUL,
channel_group,channel_id,int unsigned,YES,MUL,
channel_group,tenant_id,int unsigned,YES,MUL,
channel_group,user_id,int unsigned,YES,MUL,
channel_group,created,timestamp,NO,,CURRENT_TIMESTAMP
channel_group,updated,timestamp,NO,,CURRENT_TIMESTAMP
channel_group,disabled,tinyint(1),YES,,0
channel_item_inventory_snapshot,id,int unsigned,NO,PRI,
channel_item_inventory_snapshot,tenant_id,int unsigned,NO,MUL,
channel_item_inventory_snapshot,channel_id,int unsigned,NO,MUL,
channel_item_inventory_snapshot,facility_id,int unsigned,NO,MUL,
channel_item_inventory_snapshot,item_type_id,int unsigned,NO,MUL,
channel_item_inventory_snapshot,pending_inventory_assessment,int unsigned,NO,,0
channel_item_inventory_snapshot,open_sale,int unsigned,NO,,0
channel_item_inventory_snapshot,created,datetime,NO,,
channel_item_inventory_snapshot,updated,timestamp,NO,,CURRENT_TIMESTAMP
channel_item_inventory_snapshot,version,int unsigned,YES,,0
channel_item_inventory_snapshot,thread_id,varchar(255),YES,,
channel_item_label,id,int unsigned,NO,PRI,
channel_item_label,picklist_item_id,int unsigned,YES,MUL,
channel_item_label,channel_id,int unsigned,NO,MUL,
channel_item_label,item_label,varchar(45),NO,,
channel_item_label,sku_code,varchar(50),NO,,
channel_item_label,channel_sku_code,varchar(50),YES,,
channel_item_label,additional_info,text,YES,,
channel_item_label,seller_sku_code,varchar(256),YES,,
channel_item_label,used,tinyint(1),NO,,0
channel_item_label,created,datetime,NO,,
channel_item_label,updated,timestamp,NO,,CURRENT_TIMESTAMP
channel_item_type,id,int unsigned,NO,PRI,
channel_item_type,tenant_id,int unsigned,NO,MUL,
channel_item_type,channel_id,int unsigned,NO,MUL,
channel_item_type,channel_category_id,int unsigned,YES,MUL,
channel_item_type,channel_product_id,varchar(128),NO,,
channel_item_type,seller_sku_code,varchar(128),NO,,
channel_item_type,shipping_package_type_code,varchar(45),YES,,
channel_item_type,color,varchar(128),YES,,
channel_item_type,size,varchar(128),YES,,
channel_item_type,item_type_id,int unsigned,YES,MUL,
channel_item_type,status_code,"enum('LINKED','UNLINKED','IGNORED')",NO,MUL,UNLINKED
channel_item_type,product_name,varchar(256),YES,,
channel_item_type,product_url,varchar(256),YES,,
channel_item_type,vertical,varchar(128),YES,,
channel_item_type,verified,tinyint(1),NO,,0
channel_item_type,listing_status,"enum('ACTIVE','INACTIVE','DELISTED','RELISTED','DISCONTINUED')",NO,,ACTIVE
channel_item_type,facility_to_inventory,mediumtext,YES,,
channel_item_type,disabled,tinyint(1),NO,,0
channel_item_type,transfer_price,"decimal(12,2) unsigned",YES,,
channel_item_type,commission_percentage,"decimal(12,5) unsigned",YES,,
channel_item_type,payment_gateway_charge,"decimal(12,5) unsigned",YES,,
channel_item_type,logistics_cost,"decimal(12,5) unsigned",YES,,
channel_item_type,pendency,int unsigned,NO,,0
channel_item_type,blocked_inventory,int unsigned,NO,,0
channel_item_type,maximum_listed_inventory,int,NO,,-1
channel_item_type,failed_order_inventory,int unsigned,NO,,0
channel_item_type,dirty,tinyint(1),NO,,0
channel_item_type,possibly_dirty,tinyint(1),NO,,0
channel_item_type,recalculate_inventory,tinyint(1),NO,,0
channel_item_type,disabled_due_to_errors,tinyint(1),NO,,0
channel_item_type,next_inventory_update,int unsigned,YES,,
channel_item_type,snapshot_reference_id,varchar(256),YES,,
channel_item_type,last_catalog_sync_at,varchar(128),YES,,
channel_item_type,catalog_sync_id,varchar(128),YES,,
channel_item_type,last_inventory_update,int unsigned,YES,,
channel_item_type,last_inventory_update_at,datetime,YES,,
channel_item_type,last_inventory_update_status,"enum('SUCCESS','FAILED','SKIPPED')",YES,,
channel_item_type,last_message,text,YES,,
channel_item_type,failed_count,int unsigned,NO,,0
channel_item_type,redundant_hit_count,int,YES,,1
channel_item_type,relist,tinyint(1),NO,,0
channel_item_type,created,datetime,NO,,
channel_item_type,updated,timestamp,NO,,CURRENT_TIMESTAMP
channel_item_type,gender,varchar(45),YES,,
channel_item_type,brand,varchar(45),YES,,
channel_item_type,image_url,text,YES,,
channel_item_type,additional_info,text,YES,,
channel_item_type_price,id,int unsigned,NO,PRI,
channel_item_type_price,tenant_id,int unsigned,NO,MUL,
channel_item_type_price,channel_id,int unsigned,NO,MUL,
channel_item_type_price,channel_product_id,varchar(128),NO,,
channel_item_type_price,channel_item_type_id,int unsigned,NO,MUL,
channel_item_type_price,selling_price,"decimal(12,2)",YES,,
channel_item_type_price,msp,"decimal(12,2)",YES,,
channel_item_type_price,transfer_price,"decimal(12,2)",YES,,
channel_item_type_price,mrp,"decimal(12,2)",YES,,
channel_item_type_price,competitive_price,"decimal(12,2)",YES,,
channel_item_type_price,currency_code,varchar(45),NO,,
channel_item_type_price,channel_selling_price,"decimal(12,2)",YES,,
channel_item_type_price,channel_msp,"decimal(12,2)",YES,,
channel_item_type_price,channel_transfer_price,"decimal(12,2)",YES,,
channel_item_type_price,channel_mrp,"decimal(12,2)",YES,,
channel_item_type_price,channel_competitive_price,"decimal(12,2)",YES,,
channel_item_type_price,channel_currency_code,varchar(45),YES,,
channel_item_type_price,last_update_attempt_at,datetime,YES,,
channel_item_type_price,last_pull_at,datetime,YES,,
channel_item_type_price,dirty,tinyint(1),NO,,0
channel_item_type_price,disabled,tinyint(1),NO,,0
channel_item_type_price,disabled_due_to_push_errors,tinyint(1),NO,,0
channel_item_type_price,last_push_status,"enum('SUCCESS','FAILED','SKIPPED')",YES,,
channel_item_type_price,last_push_message,text,YES,,
channel_item_type_price,push_failed_count,int unsigned,NO,,0
channel_item_type_price,created,datetime,NO,,
channel_item_type_price,updated,timestamp,NO,,CURRENT_TIMESTAMP
channel_item_type_transfer_price,id,int unsigned,NO,PRI,
channel_item_type_transfer_price,item_type_id,int unsigned,NO,MUL,
channel_item_type_transfer_price,channel_id,int unsigned,NO,MUL,
channel_item_type_transfer_price,transfer_price,"decimal(12,2)",NO,,0.00
channel_item_type_transfer_price,created,datetime,NO,,
channel_item_type_transfer_price,updated,timestamp,NO,,CURRENT_TIMESTAMP
channel_notification_mapping,id,int unsigned,NO,PRI,
channel_notification_mapping,tenant_id,int unsigned,NO,MUL,
channel_notification_mapping,channel_id,int unsigned,NO,MUL,
channel_notification_mapping,notification_id,int unsigned,NO,MUL,
channel_notification_mapping,group_identifier,varchar(45),NO,MUL,
channel_notification_mapping,retryable,tinyint,YES,,0
channel_notification_mapping,retry_count,int unsigned,YES,,0
channel_notification_mapping,http_logs,mediumtext,YES,,
channel_notification_mapping,status_code,"enum('NEW','SUCCESS','FAILED','WAITING','SKIPPED')",NO,,NEW
channel_notification_mapping,failure_reason,text,YES,,
channel_notification_mapping,next_retry_time,timestamp,YES,,
channel_notification_mapping,created,timestamp,NO,,CURRENT_TIMESTAMP
channel_notification_mapping,updated,timestamp,NO,,CURRENT_TIMESTAMP
channel_notification_mapping,processing_time,int,YES,,0
channel_payment_reconciliation,id,int unsigned,NO,PRI,
channel_payment_reconciliation,channel_id,int unsigned,NO,MUL,
channel_payment_reconciliation,sale_order_id,int unsigned,NO,MUL,
channel_payment_reconciliation,tenant_id,int unsigned,NO,MUL,
channel_payment_reconciliation,description,varchar(255),YES,,
channel_payment_reconciliation,status_code,"enum('AWAITING_PAYMENT','RECONCILED','UNRECONCILED','DISPUTED','UNRECONCILABLE')",YES,,
channel_payment_reconciliation,reconciliation_identifier,varchar(128),NO,UNI,
channel_payment_reconciliation,currency_code,varchar(8),NO,,
channel_payment_reconciliation,expected_earning,"decimal(12,2)",NO,,0.00
channel_payment_reconciliation,total_reconcile_amount,"decimal(12,2)",NO,,0.00
channel_payment_reconciliation,quantity,int unsigned,NO,,
channel_payment_reconciliation,settlement_tolerance,"decimal(12,2)",NO,,0.00
channel_payment_reconciliation,commision_tolerance,"decimal(12,2)",NO,,0.00
channel_payment_reconciliation,shipping_tolerance,"decimal(12,2)",NO,,0.00
channel_payment_reconciliation,last_settled_date,datetime,YES,,
channel_payment_reconciliation,order_date,datetime,NO,,
channel_payment_reconciliation,reconcile_created,datetime,YES,,
channel_payment_reconciliation,created,datetime,NO,,
channel_payment_reconciliation,updated,timestamp,NO,,CURRENT_TIMESTAMP
channel_payment_reconciliation_status,id,int unsigned,NO,PRI,
channel_payment_reconciliation_status,code,varchar(45),NO,UNI,
channel_payment_reconciliation_status,created,datetime,NO,,
channel_payment_reconciliation_status,updated,timestamp,NO,,CURRENT_TIMESTAMP
channel_property,id,int unsigned,NO,PRI,
channel_property,channel_id,int unsigned,NO,MUL,
channel_property,name,varchar(45),NO,,
channel_property,value,varchar(256),NO,,
channel_return_facility_mapping,id,int unsigned,NO,PRI,
channel_return_facility_mapping,channel_id,int unsigned,NO,MUL,
channel_return_facility_mapping,dispatch_facility_id,int unsigned,NO,MUL,
channel_return_facility_mapping,return_facility_id,int unsigned,NO,MUL,
channel_return_facility_mapping,return_type,"enum('RTO','CIR')",YES,,RTO
channel_return_facility_mapping,created,datetime,NO,,
channel_return_facility_mapping,updated,timestamp,NO,,CURRENT_TIMESTAMP
channel_source_data,id,int unsigned,NO,PRI,
channel_source_data,channel_source_code,varchar(100),NO,MUL,
channel_source_data,name,varchar(100),NO,,
channel_source_data,value,varchar(100),NO,,
channel_warehouse_inventory,id,int unsigned,NO,PRI,
channel_warehouse_inventory,tenant_id,int unsigned,NO,MUL,
channel_warehouse_inventory,channel_item_type_id,int unsigned,NO,MUL,
channel_warehouse_inventory,facility_id,int unsigned,NO,MUL,
channel_warehouse_inventory,unfulfillable_quantity,int unsigned,NO,,
channel_warehouse_inventory,fulfillable_quantity,int unsigned,NO,,
channel_warehouse_inventory,inbound_quantity,int unsigned,NO,,
channel_warehouse_inventory,reserved_quantity,int unsigned,NO,,
channel_warehouse_inventory,total_quantity,int unsigned,NO,,
channel_warehouse_inventory,created,datetime,NO,,
channel_warehouse_inventory,updated,timestamp,NO,,CURRENT_TIMESTAMP
country,id,int unsigned,NO,PRI,
country,code,varchar(2),NO,UNI,
country,iso_alpha3,varchar(45),NO,,
country,name,varchar(100),NO,UNI,
country,defined_state_codes,tinyint(1),NO,,1
country,postcode_pattern,varchar(500),YES,,
country,postcode_normalization_expression,varchar(500),YES,,
country,currency_code,varchar(45),YES,MUL,
country,created,datetime,NO,,
country,updated,timestamp,NO,,CURRENT_TIMESTAMP
courier_return,id,int unsigned,NO,PRI,
courier_return,shipping_package_id,int unsigned,NO,UNI,
courier_return,return_facility_id,int unsigned,NO,MUL,
courier_return,tracking_number,varchar(45),YES,MUL,
courier_return,return_reason,varchar(500),YES,,
courier_return,channel_created_time,datetime,YES,,CURRENT_TIMESTAMP
courier_return,delivery_time,datetime,YES,,
courier_return,shipping_courier,varchar(45),YES,,
courier_return,provider_status_code,varchar(45),YES,,
courier_return,shipment_tracking_status_code,varchar(45),YES,,
courier_return,shipping_provider_code,varchar(128),YES,,
courier_return,status_code,varchar(45),YES,,
courier_return,tracking_link,varchar(512),YES,,
courier_return,return_invoice_id,int unsigned,YES,,
courier_return,return_putaway_id,int unsigned,YES,,
courier_return,created,timestamp,NO,MUL,CURRENT_TIMESTAMP
courier_return,updated,timestamp,NO,,CURRENT_TIMESTAMP
courier_return,display_code,varchar(45),YES,,
courier_return_item,id,int unsigned,NO,PRI,
courier_return_item,return_manifest_item_id,int unsigned,NO,MUL,
courier_return_item,sale_order_item_id,int unsigned,NO,MUL,
courier_return_item,putaway_id,int unsigned,YES,MUL,
courier_return_item,status_code,varchar(45),NO,,NOT_RECEIVED
courier_return_item,type,"enum('GOOD_INVENTORY','BAD_INVENTORY','QC_REJECTED')",YES,,
courier_return_item,putaway_comment,varchar(500),YES,,
courier_return_item,created,datetime,NO,MUL,
courier_return_item,updated,timestamp,NO,,CURRENT_TIMESTAMP
currency,id,int unsigned,NO,PRI,
currency,code,varchar(45),NO,UNI,
currency,name,varchar(100),NO,,
currency,symbol,varchar(10),YES,,
currency,number_digits,int,NO,,2
currency,created,datetime,NO,,
currency,updated,timestamp,NO,,CURRENT_TIMESTAMP
custom_field_metadata,id,int unsigned,NO,PRI,
custom_field_metadata,tenant_id,int unsigned,NO,MUL,
custom_field_metadata,entity,varchar(100),NO,,
custom_field_metadata,name,varchar(45),NO,,
custom_field_metadata,display_name,varchar(45),NO,,
custom_field_metadata,value_type,varchar(45),NO,,
custom_field_metadata,java_type,varchar(100),NO,,
custom_field_metadata,sql_type,varchar(45),NO,,
custom_field_metadata,possible_values,varchar(2000),YES,,
custom_field_metadata,validator_pattern,varchar(100),YES,,
custom_field_metadata,required,tinyint(1),NO,,
custom_field_metadata,default_value,varchar(500),YES,,
custom_field_metadata,serializable,tinyint(1),NO,,1
custom_field_metadata,mapping_field_name,varchar(45),YES,,
custom_field_metadata,enabled,tinyint(1),NO,,1
custom_field_metadata,activity_log_enabled,tinyint(1),NO,,0
custom_field_metadata,created,datetime,NO,,
custom_field_metadata,updated,timestamp,NO,,CURRENT_TIMESTAMP
custom_field_metadata,purpose,varchar(100),YES,,OLD
custom_field_value,id,int unsigned,NO,PRI,
custom_field_value,identifier,int unsigned,NO,MUL,
custom_field_value,entity,varchar(128),NO,MUL,
custom_field_value,value1,varchar(256),YES,,
custom_field_value,value2,varchar(256),YES,,
custom_field_value,value3,varchar(256),YES,,
custom_field_value,value4,varchar(256),YES,,
custom_field_value,value5,varchar(256),YES,,
custom_field_value,value6,varchar(256),YES,,
custom_field_value,value7,varchar(256),YES,,
custom_field_value,value8,varchar(256),YES,,
custom_field_value,value9,varchar(256),YES,,
custom_field_value,value10,varchar(256),YES,,
custom_field_value,value11,varchar(256),YES,,
custom_field_value,value12,varchar(256),YES,,
custom_field_value,value13,varchar(256),YES,,
custom_field_value,value14,varchar(256),YES,,
custom_field_value,value15,varchar(256),YES,,
custom_field_value,value16,varchar(256),YES,,
custom_field_value,value17,varchar(256),YES,,
custom_field_value,value18,varchar(256),YES,,
custom_field_value,value19,varchar(256),YES,,
custom_field_value,value20,varchar(256),YES,,
custom_field_value,value21,varchar(256),YES,,
custom_field_value,value22,varchar(256),YES,,
custom_field_value,value23,varchar(256),YES,,
custom_field_value,value24,varchar(256),YES,,
custom_field_value,value25,varchar(256),YES,,
custom_field_value,created,datetime,NO,,
custom_field_value,updated,timestamp,NO,,CURRENT_TIMESTAMP
customer,id,int unsigned,NO,PRI,
customer,provides_cform,tinyint(1),NO,,0
customer,dual_company_retail,tinyint(1),NO,,0
customer,max_sku_per_box_hu,int unsigned,YES,,
customer,max_batches_per_box_hu,int unsigned,YES,,
customer_discount_group_mapping,id,int unsigned,NO,PRI,
customer_discount_group_mapping,code,varchar(100),NO,,
customer_discount_group_mapping,tenant_id,int unsigned,NO,MUL,
customer_discount_group_mapping,customer_id,int unsigned,NO,MUL,
customer_discount_group_mapping,discount_group_id,int unsigned,NO,MUL,
customer_discount_group_mapping,effective_from,date,NO,,
customer_discount_group_mapping,effective_to,date,NO,,2070-12-31
customer_discount_group_mapping,enabled,tinyint(1),YES,,0
customer_discount_group_mapping,created,datetime,NO,,
customer_discount_group_mapping,updated,timestamp,NO,,CURRENT_TIMESTAMP
cycle_count,id,int unsigned,NO,PRI,
cycle_count,code,varchar(45),NO,MUL,
cycle_count,facility_id,int unsigned,NO,MUL,
cycle_count,status_code,varchar(45),NO,,
cycle_count,target_completion,datetime,NO,,
cycle_count,completed,datetime,YES,,
cycle_count,created,datetime,NO,,
cycle_count,updated,timestamp,NO,,CURRENT_TIMESTAMP
cycle_count,completed_shelves,int,YES,,
cycle_count,total_shelves,int,YES,,
cycle_count,type,"enum('CYCLE_COUNT','STOCK_TAKE')",YES,,CYCLE_COUNT
cycle_count_error_item,id,int unsigned,NO,PRI,
cycle_count_error_item,sub_cycle_count_id,int unsigned,NO,MUL,
cycle_count_error_item,shelf_id,int unsigned,NO,MUL,
cycle_count_error_item,item_code,varchar(100),YES,,
cycle_count_error_item,reason_code,varchar(45),YES,,
cycle_count_error_item,comment,varchar(64),YES,,
cycle_count_error_item,created,datetime,NO,,
cycle_count_item,id,int unsigned,NO,PRI,
cycle_count_item,shelf_id,int unsigned,NO,MUL,
cycle_count_item,sku_code,varchar(45),NO,,
cycle_count_item,item_type_name,varchar(200),NO,,
cycle_count_item,cycle_count_shelf_summary_id,int unsigned,NO,MUL,
cycle_count_item,inventory_type,"enum('GOOD_INVENTORY','BAD_INVENTORY','QC_REJECTED','VIRTUAL_INVENTORY')",NO,,
cycle_count_item,expected_inventory,int,NO,,
cycle_count_item,ageing_start_date,date,YES,,
cycle_count_item,inventory_difference,int,NO,,
cycle_count_item,pending_reconciliation,int,NO,,
cycle_count_item,discarded,tinyint(1),NO,,0
cycle_count_item,created,datetime,NO,,
cycle_count_item,updated,timestamp,NO,,CURRENT_TIMESTAMP
cycle_count_item,missing,int unsigned,NO,,0
cycle_count_item,extra,int unsigned,NO,,0
cycle_count_item,pending_reconciliation_missing,int unsigned,NO,,0
cycle_count_item,pending_reconciliation_extra,int unsigned,NO,,0
cycle_count_item_scan_detail,id,int unsigned,NO,PRI,
cycle_count_item_scan_detail,item_id,int unsigned,NO,MUL,
cycle_count_item_scan_detail,shelf_id,int unsigned,NO,MUL,
cycle_count_item_scan_detail,item_type_inventory_id,int unsigned,NO,MUL,
cycle_count_item_scan_detail,sub_cycle_count_id,int unsigned,NO,MUL,
cycle_count_reconcillation,id,int unsigned,NO,PRI,
cycle_count_reconcillation,cycle_count_id,int unsigned,NO,MUL,
cycle_count_reconcillation,item_type_id,int unsigned,NO,MUL,
cycle_count_reconcillation,current_variance,int,NO,,0
cycle_count_reconcillation,pending_reconcillation,int,NO,,0
cycle_count_reconcillation,write_off_value,int,NO,,0
cycle_count_reconcillation,writeoff_user_id,int unsigned,YES,MUL,
cycle_count_reconcillation,write_off_time,datetime,YES,,
cycle_count_reconcillation,created,timestamp,YES,,CURRENT_TIMESTAMP
cycle_count_reconcillation,updated,timestamp,YES,,CURRENT_TIMESTAMP
cycle_count_scope,id,int,NO,PRI,
cycle_count_scope,cycle_count_id,int unsigned,NO,MUL,
cycle_count_scope,scope_type,varchar(30),NO,,
cycle_count_scope,pick_set_id,int unsigned,YES,MUL,
cycle_count_scope,section_id,int unsigned,YES,MUL,
cycle_count_settlement,id,int unsigned,NO,PRI,
cycle_count_settlement,tenant_id,int unsigned,NO,MUL,
cycle_count_settlement,facility_id,int unsigned,NO,MUL,
cycle_count_settlement,item_type_id,int unsigned,NO,,
cycle_count_settlement,type,varchar(20),NO,,
cycle_count_settlement,item_type_inventory_id,int unsigned,NO,,
cycle_count_settlement,quantity,int,NO,,0
cycle_count_settlement,settled_quantity,int,NO,,0
cycle_count_settlement,settled,tinyint(1),NO,,0
cycle_count_settlement,source_cycle_count_task_id,int unsigned,YES,,
cycle_count_settlement,created,timestamp,NO,,CURRENT_TIMESTAMP
cycle_count_settlement,updated,timestamp,NO,,CURRENT_TIMESTAMP
cycle_count_shelf_item_summary,id,int unsigned,NO,PRI,
cycle_count_shelf_item_summary,count_no,int unsigned,YES,,1
cycle_count_shelf_item_summary,item_id,int unsigned,NO,,
cycle_count_shelf_item_summary,status,varchar(10),YES,,
cycle_count_shelf_item_summary,prev_shelf_id,int unsigned,YES,,
cycle_count_shelf_item_summary,cur_shelf_id,int unsigned,NO,,
cycle_count_shelf_item_summary,cycle_count_shelf_summary_id,int unsigned,NO,MUL,
cycle_count_shelf_item_summary,created,timestamp,NO,,CURRENT_TIMESTAMP
cycle_count_shelf_summary,id,int unsigned,NO,PRI,
cycle_count_shelf_summary,sub_cycle_count_id,int unsigned,NO,MUL,
cycle_count_shelf_summary,shelf_id,int unsigned,NO,MUL,
cycle_count_shelf_summary,user_id,int unsigned,NO,MUL,
cycle_count_shelf_summary,active,tinyint(1),NO,,1
cycle_count_shelf_summary,non_barcoded_item_count,int,YES,,
cycle_count_shelf_summary,item_codes,text,YES,,
cycle_count_shelf_summary,created,datetime,NO,,
cycle_count_shelf_summary,updated,timestamp,NO,,CURRENT_TIMESTAMP
cycle_count_shelf_summary,missing_item_codes,text,YES,,
cycle_count_task,id,int unsigned,NO,PRI,
cycle_count_task,cycle_count_task_summary_id,int unsigned,NO,MUL,
cycle_count_task,sub_cycle_count_id,int unsigned,NO,MUL,
cycle_count_task,shelf_id,int unsigned,NO,MUL,
cycle_count_task,item_type_id,int unsigned,NO,MUL,
cycle_count_task,sku_code,varchar(45),NO,,
cycle_count_task,inventory_type,"enum('GOOD_INVENTORY','BAD_INVENTORY')",NO,,
cycle_count_task,batch_id,int unsigned,YES,MUL,
cycle_count_task,ageing_start_date,datetime,YES,,
cycle_count_task,quantity,int,YES,,0
cycle_count_task,quantity_blocked,int,YES,,0
cycle_count_task,quantity_not_found,int,YES,,0
cycle_count_task,expected_inventory,int,NO,,0
cycle_count_task,counted_inventory,int,NO,,0
cycle_count_task,recounted_inventory,int,NO,,0
cycle_count_task,inventory_difference,int,NO,,0
cycle_count_task,net_approved_variance,int,NO,,0
cycle_count_task,status,"enum('COUNTED','ACCEPTED','REJECTED','RECOUNT','COUNT_IN_PROGRESS','DISCARDED')",YES,,
cycle_count_task,created,timestamp,YES,,CURRENT_TIMESTAMP
cycle_count_task,updated,timestamp,YES,,CURRENT_TIMESTAMP
cycle_count_task,previous_iti_status,varchar(255),YES,,
cycle_count_task_summary,id,int unsigned,NO,PRI,
cycle_count_task_summary,sub_cycle_count_id,int unsigned,NO,MUL,
cycle_count_task_summary,shelf_id,int unsigned,NO,MUL,
cycle_count_task_summary,count_task_user_id,int unsigned,YES,MUL,
cycle_count_task_summary,approved_by_user_id,int unsigned,YES,MUL,
cycle_count_task_summary,count_start_time,datetime,YES,,
cycle_count_task_summary,count_end_time,datetime,YES,,
cycle_count_task_summary,num_of_scan,int,NO,,0
cycle_count_task_summary,approval_time,datetime,YES,,
cycle_count_task_summary,created,timestamp,YES,,CURRENT_TIMESTAMP
cycle_count_task_summary,updated,timestamp,YES,,CURRENT_TIMESTAMP
dashboard_widget,id,int unsigned,NO,PRI,
dashboard_widget,name,varchar(100),NO,,
dashboard_widget,code,varchar(100),NO,UNI,
dashboard_widget,widget_group,varchar(45),NO,,
dashboard_widget,access_resource_name,varchar(100),NO,MUL,
dashboard_widget,seconds_to_cache,varchar(1000),YES,,
dashboard_widget,preloaded,tinyint(1),NO,,0
dashboard_widget,hql,tinyint(1),NO,,1
dashboard_widget,enabled,tinyint(1),NO,,1
dashboard_widget,created,datetime,NO,,
dashboard_widget,updated,timestamp,NO,,CURRENT_TIMESTAMP
deleted_entity,id,int unsigned,NO,PRI,
deleted_entity,code,varchar(45),NO,MUL,
deleted_entity,display_code,varchar(45),YES,,
deleted_entity,tenant_id,int unsigned,NO,MUL,
deleted_entity,facility_id,int unsigned,YES,MUL,
deleted_entity,channel_id,int unsigned,YES,MUL,
deleted_entity,type,"enum('SALE_ORDER','SHIPPING_PACKAGE','SALE_ORDER_ITEM')",NO,,
deleted_entity,entity_created_time,datetime,NO,,
deleted_entity,created,timestamp,NO,,CURRENT_TIMESTAMP
deleted_entity,updated,timestamp,NO,,CURRENT_TIMESTAMP
deleted_sale_order_item,id,int unsigned,NO,PRI,
deleted_sale_order_item,facility_id,int unsigned,YES,,
deleted_sale_order_item,type,"enum('HOPPABLE','NORMAL')",YES,,NORMAL
deleted_sale_order_item,sale_order_id,int unsigned,NO,,
deleted_sale_order_item,item_type_id,int unsigned,NO,,
deleted_sale_order_item,shipping_method_id,int unsigned,NO,,
deleted_sale_order_item,shipping_address_id,int unsigned,NO,,
deleted_sale_order_item,code,varchar(64),NO,,
deleted_sale_order_item,total_price,"decimal(12,2)",NO,,
deleted_sale_order_item,selling_price,"decimal(12,2) unsigned",NO,,
deleted_sale_order_item,discount,"decimal(12,2)",NO,,0.00
deleted_sale_order_item,discount_type,"enum('EXTERNAL','DISCOUNT_GROUP')",YES,,
deleted_sale_order_item,effective_tolerance,int unsigned,YES,,
deleted_sale_order_item,prepaid_amount,"decimal(12,2)",NO,,0.00
deleted_sale_order_item,shipping_charges,"decimal(12,2) unsigned",NO,,0.00
deleted_sale_order_item,shipping_method_charges,"decimal(12,2) unsigned",NO,,0.00
deleted_sale_order_item,cash_on_delivery_charges,"decimal(12,2)",NO,,0.00
deleted_sale_order_item,gift_message,mediumtext,YES,,
deleted_sale_order_item,gift_wrap_charges,"decimal(12,2)",NO,,0.00
deleted_sale_order_item,gift_wrap,tinyint(1),NO,,0
deleted_sale_order_item,voucher_code,varchar(45),YES,,
deleted_sale_order_item,voucher_value,"decimal(12,2)",NO,,0.00
deleted_sale_order_item,store_credit,"decimal(12,2)",NO,,0.00
deleted_sale_order_item,dropship_shipping_charges,"decimal(12,2)",NO,,0.00
deleted_sale_order_item,dropship_commission,"decimal(12,2)",NO,,0.00
deleted_sale_order_item,packet_number,int unsigned,NO,,0
deleted_sale_order_item,transfer_price,"decimal(12,2)",YES,,
deleted_sale_order_item,channel_transfer_price,"decimal(12,2)",YES,,
deleted_sale_order_item,commission_percentage,"decimal(12,5) unsigned",YES,,
deleted_sale_order_item,payment_gateway_charge,"decimal(12,5) unsigned",YES,,
deleted_sale_order_item,logistics_cost,"decimal(12,5) unsigned",YES,,
deleted_sale_order_item,tracking_number,varchar(45),YES,,
deleted_sale_order_item,on_hold,tinyint(1),NO,,0
deleted_sale_order_item,status_code,varchar(45),NO,,
deleted_sale_order_item,requires_customization,tinyint(1),NO,,0
deleted_sale_order_item,item_detail_fields,varchar(100),YES,,
deleted_sale_order_item,item_details,varchar(256),YES,,
deleted_sale_order_item,item_detailing_status,"enum('NOT_REQUIRED','PENDING','COMPLETE')",YES,,NOT_REQUIRED
deleted_sale_order_item,channel_product_id,varchar(128),NO,,
deleted_sale_order_item,seller_sku_code,varchar(128),NO,,
deleted_sale_order_item,channel_sale_order_item_code,varchar(45),NO,,
deleted_sale_order_item,channel_product_name,varchar(256),NO,,
deleted_sale_order_item,created,datetime,NO,,
deleted_sale_order_item,updated,timestamp,NO,,CURRENT_TIMESTAMP
deleted_sale_order_item,cost_price,"decimal(12,2)",YES,,
deleted_sale_order_item,uc_batch_id,int unsigned,YES,,
deleted_sale_order_item,channel_mrp,"decimal(12,2) unsigned",YES,,
deleted_sale_order_item,channel_mfd,date,YES,,
deleted_sale_order_item,channel_expiry_date,date,YES,,
deleted_sale_order_item,channel_vendor_batch_number,varchar(45),YES,,
deleted_sale_order_item,country_of_origin,varchar(45),YES,,
deleted_sale_order_item,expected_delivery_date,datetime,YES,,
deleted_sale_order_item,sku_code,varchar(50),YES,,
deleted_sale_order_item,item_type_name,varchar(200),YES,,
deleted_sale_order_item,quantity,int unsigned,NO,,1
deleted_sale_order_item,parent_sale_order_item_id,int unsigned,YES,,
deleted_sale_order_item,parent_sale_order_item_code,varchar(64),YES,,
deleted_sale_order_item,item_tag,varchar(500),YES,,
deleted_sale_order_item,deleted_at,datetime,NO,,
deleted_sale_order_item,deleted_by,int unsigned,YES,,
deleted_sale_order_item,request_id,varchar(255),YES,,
digital_signature,id,int unsigned,NO,PRI,
digital_signature,party_id,int unsigned,NO,MUL,
digital_signature,file_url,text,NO,,
digital_signature,password,varchar(128),NO,,
digital_signature,reason,varchar(128),YES,,
digital_signature,location,varchar(128),YES,,
digital_signature,type,varchar(50),NO,,PKCS12
digital_signature,created,datetime,NO,,
digital_signature,updated,timestamp,NO,,CURRENT_TIMESTAMP
discount_group,id,int unsigned,NO,PRI,
discount_group,tenant_id,int unsigned,NO,MUL,
discount_group,code,varchar(100),NO,,
discount_group,name,varchar(100),YES,,
discount_group_item,id,int unsigned,NO,PRI,
discount_group_item,discount_group_id,int unsigned,NO,MUL,
discount_group_item,code,varchar(100),NO,,
discount_group_item,type,"enum('CATALOG','SKU','SKU_CATEGORY')",NO,,
discount_group_item,type_identifier,varchar(100),YES,,
discount_group_item,discount_percentage,"decimal(12,2)",NO,,
discount_group_item,enabled,tinyint(1),YES,,0
discount_group_item,created,datetime,NO,,
discount_group_item,updated,timestamp,NO,,CURRENT_TIMESTAMP
dispatch_tolerance_group,id,int unsigned,NO,PRI,
dispatch_tolerance_group,tenant_id,int unsigned,NO,MUL,
dispatch_tolerance_group,code,varchar(50),NO,,
dispatch_tolerance_group,name,varchar(200),YES,,
dispatch_tolerance_group,created,datetime,NO,,
dispatch_tolerance_group,updated,timestamp,NO,,CURRENT_TIMESTAMP
dispatch_tolerance_group_mapping,id,int unsigned,NO,PRI,
dispatch_tolerance_group_mapping,tenant_id,int unsigned,NO,MUL,
dispatch_tolerance_group_mapping,dispatch_tolerance_group_id,int unsigned,NO,MUL,
dispatch_tolerance_group_mapping,code,varchar(50),NO,,
dispatch_tolerance_group_mapping,entity_type,"enum('CUSTOMER','CHANNEL')",NO,,
dispatch_tolerance_group_mapping,customer_id,int unsigned,YES,MUL,
dispatch_tolerance_group_mapping,channel_id,int unsigned,YES,MUL,
dispatch_tolerance_group_mapping,effective_from,date,NO,,
dispatch_tolerance_group_mapping,effective_to,date,NO,,
dispatch_tolerance_group_mapping,enabled,tinyint(1),YES,,0
dispatch_tolerance_group_mapping,created,datetime,NO,,
dispatch_tolerance_group_mapping,updated,timestamp,NO,,CURRENT_TIMESTAMP
dispatch_tolerance_item,id,int unsigned,NO,PRI,
dispatch_tolerance_item,code,varchar(50),NO,,
dispatch_tolerance_item,dispatch_tolerance_group_id,int unsigned,NO,MUL,
dispatch_tolerance_item,type,"enum('CATALOG','SKU','SKU_CATEGORY')",NO,,
dispatch_tolerance_item,item_type_id,int unsigned,YES,MUL,
dispatch_tolerance_item,category_id,int unsigned,YES,MUL,
dispatch_tolerance_item,tolerance_defined_in,"enum('PERCENTAGE','DAYS')",NO,,
dispatch_tolerance_item,tolerance_value,"decimal(12,2)",NO,,
dispatch_tolerance_item,enabled,tinyint(1),YES,,0
dispatch_tolerance_item,created,datetime,NO,,
dispatch_tolerance_item,updated,timestamp,NO,,CURRENT_TIMESTAMP
ean_scan_identifier_record,id,int,NO,PRI,
ean_scan_identifier_record,carton_type_id,int unsigned,NO,MUL,
ean_scan_identifier_record,entity,varchar(20),NO,,
ean_scan_identifier_record,inflow_receipt_id,int unsigned,YES,MUL,
ean_scan_identifier_record,picklist_id,int unsigned,YES,MUL,
ean_scan_identifier_record,putaway_id,int unsigned,YES,MUL,
ean_scan_identifier_record,outbound_gate_pass_id,int unsigned,YES,MUL,
ean_scan_identifier_record,sale_order_id,int unsigned,YES,MUL,
ean_scan_identifier_record,created,timestamp,NO,,CURRENT_TIMESTAMP
ean_scan_identifier_record,updated,timestamp,NO,,CURRENT_TIMESTAMP
email_template,id,int unsigned,NO,PRI,
email_template,tenant_id,int unsigned,NO,MUL,
email_template,type,varchar(45),NO,MUL,
email_template,subject_template,varchar(256),NO,,
email_template,body_template,text,NO,,
email_template,from_email,varchar(100),NO,,
email_template,to_email,varchar(500),YES,,
email_template,cc_email,varchar(500),YES,,
email_template,bcc_email,varchar(500),YES,,
email_template,reply_to_email,varchar(45),YES,,
email_template,enabled,tinyint(1),NO,,1
email_template,created,datetime,NO,,
email_template,updated,timestamp,NO,,CURRENT_TIMESTAMP
entity_source_reference,id,int unsigned,NO,PRI,
entity_source_reference,source_id,int unsigned,NO,,
entity_source_reference,entity_identifier,int unsigned,NO,,
entity_source_reference,entity,varchar(45),NO,,
entity_source_reference,external_identifier,varchar(256),NO,,
entity_source_reference,source_type,"enum('CHANNEL','SHIPPING_PROVIDER')",NO,,
entity_source_reference,tenant_id,int unsigned,NO,MUL,
entity_source_reference,facility_id,int unsigned,YES,MUL,
entity_source_reference,created,datetime,NO,,
entity_source_reference,updated,timestamp,NO,,CURRENT_TIMESTAMP
environment_property,id,int unsigned,NO,PRI,
environment_property,name,varchar(100),NO,UNI,
environment_property,value,varchar(2048),NO,,
event_scheduler_logs,id,int unsigned,NO,PRI,
event_scheduler_logs,event_name,varchar(255),NO,,
event_scheduler_logs,status,"enum('RUNNING','SUCCESS','FAILED')",YES,,
event_scheduler_logs,total_execution_time_in_sec,int,YES,,
event_scheduler_logs,last_successful_execution_time,timestamp,YES,,
event_scheduler_logs,failure_count,int unsigned,YES,,0
event_scheduler_logs,message,mediumtext,YES,,
excluded_picklist_ids,id,bigint,NO,PRI,
excluded_sale_order_ids,id,bigint,NO,PRI,
expired_batch_inventory,id,int unsigned,NO,PRI,
expired_batch_inventory,facility_id,int unsigned,NO,MUL,
expired_batch_inventory,batch_id,int unsigned,NO,MUL,
expired_batch_inventory,item_type_inventory_id,int unsigned,NO,MUL,
expired_batch_inventory,quantity,int,NO,,
expired_batch_inventory,tolerance,int,NO,,
expired_batch_inventory,last_updated,datetime,NO,,
expired_batch_inventory,created,datetime,NO,,
expired_batch_inventory,updated,timestamp,NO,,CURRENT_TIMESTAMP
export_job,id,int unsigned,NO,PRI,
export_job,facility_id,int unsigned,YES,MUL,
export_job,export_job_type_id,int unsigned,NO,MUL,
export_job,frequency,"enum('ONETIME','RECURRENT')",NO,,ONETIME
export_job,cron_expression,varchar(256),YES,,
export_job,user_id,int unsigned,NO,MUL,
export_job,export_job_request_json,varchar(6000),YES,,
export_job,file_path,varchar(500),YES,,
export_job,scheduled_time,datetime,NO,,
export_job,task_duration_in_sec,int,YES,,
export_job,enabled,tinyint(1),NO,,1
export_job,description,varchar(256),NO,,
export_job,notification_email,varchar(100),YES,,
export_job,created,datetime,NO,,
export_job,updated,timestamp,NO,,CURRENT_TIMESTAMP
export_job_type,id,int unsigned,NO,PRI,
export_job_type,tenant_id,int unsigned,NO,MUL,
export_job_type,name,varchar(45),NO,MUL,
export_job_type,display_name,varchar(45),NO,,
export_job_type,view_name,varchar(128),YES,,
export_job_type,export_job_config,text,NO,,
export_job_type,enabled,tinyint(1),NO,,1
export_job_type,no_sql,tinyint(1),NO,,0
export_job_type,access_resource_name,varchar(45),YES,,
export_job_type,post_processor_script_name,varchar(256),YES,,
export_job_type,created,datetime,NO,,
export_job_type,updated,timestamp,NO,,CURRENT_TIMESTAMP
export_job_type,type,"enum('EXPORT','TABLE')",NO,,EXPORT
export_job_type_backup,id,int unsigned,NO,,0
export_job_type_backup,tenant_id,int unsigned,NO,,
export_job_type_backup,name,varchar(45),NO,,
export_job_type_backup,display_name,varchar(45),NO,,
export_job_type_backup,view_name,varchar(128),YES,,
export_job_type_backup,export_job_config,text,NO,,
export_job_type_backup,enabled,tinyint(1),NO,,1
export_job_type_backup,no_sql,tinyint(1),NO,,0
export_job_type_backup,access_resource_name,varchar(45),YES,,
export_job_type_backup,post_processor_script_name,varchar(256),YES,,
export_job_type_backup,created,datetime,NO,,
export_job_type_backup,updated,timestamp,NO,,CURRENT_TIMESTAMP
export_job_type_backup,type,"enum('EXPORT','TABLE')",NO,,EXPORT
export_subscriber,id,int unsigned,NO,PRI,
export_subscriber,export_job_id,int unsigned,NO,MUL,
export_subscriber,user_id,int unsigned,NO,MUL,
export_subscriber,created,datetime,NO,,
export_subscriber,updated,timestamp,NO,,CURRENT_TIMESTAMP
export_subscriber,subscribed,tinyint(1),NO,,0
facility,id,int unsigned,NO,PRI,
facility,type,"enum('WAREHOUSE','DROPSHIP','STORE','THIRD_PARTY_WAREHOUSE')",NO,,WAREHOUSE
facility,display_name,varchar(45),NO,,
facility,inventory_sync_disabled,tinyint(1),NO,,0
facility,dummy,tinyint(1),YES,,0
facility,tax_percentage,"decimal(6,3)",YES,,
facility,sales_tax_on_shipping_charges,tinyint(1),NO,,0
facility,billing_party_id,int unsigned,YES,MUL,
facility,max_order_capacity,int unsigned,YES,,
facility,max_order_capacity_enabled,tinyint(1),NO,,1
facility,operational_type,"enum('STORE','DROPSHIP','VENDOR_PANEL','THIRD_PARTY_WAREHOUSE','WAREHOUSE','FBC_WAREHOUSE','OTHER')",YES,,
facility,associated_pos_channel_id,int unsigned,YES,,
facility,priority,int unsigned,NO,,1
facility,tagloop_enabled,tinyint(1),NO,,0
facility,opening_time,char(5),YES,,
facility,closing_time,char(5),YES,,
facility,taxable_customer_address_type,varchar(20),YES,,
facility,channel_product_image_assisted_processing,tinyint(1),YES,,0
facility,auto_populate_shipping_package_dimensions,tinyint(1),YES,,0
facility_access_resource,id,int unsigned,NO,PRI,
facility_access_resource,facility_type,"enum('WAREHOUSE','DROPSHIP','STORE','THIRD_PARTY_WAREHOUSE')",YES,MUL,
facility_access_resource,access_resource_name,varchar(100),NO,MUL,
facility_access_resource,enabled,tinyint(1),NO,,0
facility_access_resource,created,datetime,NO,,
facility_access_resource,updated,timestamp,NO,,CURRENT_TIMESTAMP
facility_alias,id,int unsigned,NO,PRI,
facility_alias,code,varchar(128),NO,MUL,
facility_alias,source_type,varchar(45),NO,,
facility_alias,facility_id,int unsigned,NO,MUL,
facility_alias,alias_name,varchar(128),NO,,
facility_alias,created,datetime,NO,,
facility_alias,updated,timestamp,NO,,CURRENT_TIMESTAMP
facility_allocation_rule,id,int unsigned,NO,PRI,
facility_allocation_rule,tenant_id,int unsigned,NO,MUL,
facility_allocation_rule,name,varchar(45),NO,MUL,
facility_allocation_rule,condition_expression,varchar(1000),NO,,
facility_allocation_rule,facility_id,int unsigned,NO,MUL,
facility_allocation_rule,preference,int,NO,,
facility_allocation_rule,enabled,tinyint(1),NO,,1
facility_allocation_rule,created,datetime,NO,,
facility_allocation_rule,updated,timestamp,NO,,CURRENT_TIMESTAMP
facility_item_type,id,int unsigned,NO,PRI,
facility_item_type,facility_id,int unsigned,NO,MUL,
facility_item_type,item_type_id,int unsigned,NO,MUL,
facility_item_type,inventory,int unsigned,NO,,0
facility_item_type,priority,int unsigned,NO,,0
facility_item_type,shipping_charges,"decimal(12,2)",NO,,0.00
facility_item_type,commission,"decimal(5,2)",NO,,0.00
facility_item_type,enabled,tinyint(1),NO,,1
facility_item_type,created,datetime,NO,,
facility_item_type,updated,timestamp,NO,,CURRENT_TIMESTAMP
facility_item_type,transfer_price,"decimal(12,2)",YES,,
facility_sale_order_item_allocation_summary,id,int unsigned,NO,PRI,
facility_sale_order_item_allocation_summary,facility_id,int unsigned,NO,MUL,
facility_sale_order_item_allocation_summary,allocation_date,date,YES,,
facility_sale_order_item_allocation_summary,sale_order_items_count,int,NO,,0
facility_sale_order_item_allocation_summary,proximity_based_soi_allocation_count,int,NO,,0
facility_time_slot,id,int unsigned,NO,PRI,
facility_time_slot,facility_id,int unsigned,YES,MUL,
facility_time_slot,display_name,varchar(45),NO,,
facility_time_slot,start_time,time,NO,,
facility_time_slot,end_time,time,NO,,
facility_time_slot,created_by,int unsigned,YES,MUL,
facility_time_slot,created,datetime,NO,,
facility_time_slot,updated,timestamp,NO,,CURRENT_TIMESTAMP
feature,id,int unsigned,NO,PRI,
feature,code,varchar(45),NO,UNI,
feature,name,varchar(45),NO,UNI,
feature,created,datetime,NO,,
feature,updated,timestamp,NO,,CURRENT_TIMESTAMP
gate_pass_order,id,int unsigned,NO,PRI,
gate_pass_order,code,varchar(45),NO,MUL,
gate_pass_order,type,varchar(45),NO,,
gate_pass_order,status_code,varchar(45),NO,,
gate_pass_order,from_party_id,int unsigned,NO,MUL,
gate_pass_order,to_party_id,int unsigned,NO,MUL,
gate_pass_order,expected_date,datetime,YES,,
gate_pass_order,user_id,int unsigned,NO,MUL,
gate_pass_order,approved_by_user_id,int unsigned,NO,,
gate_pass_order,created,datetime,NO,,
gate_pass_order,updated,timestamp,NO,,CURRENT_TIMESTAMP
gate_pass_order_item,id,int unsigned,NO,PRI,
gate_pass_order_item,item_type_id,int unsigned,NO,MUL,
gate_pass_order_item,inventory_type,"enum('GOOD_INVENTORY','BAD_INVENTORY','QC_REJECTED','VIRTUAL_INVENTORY')",NO,,
gate_pass_order_item,quantity,int unsigned,NO,,
gate_pass_order_item,scanned_quantity,int unsigned,NO,,0
gate_pass_order_item,gate_pass_order_id,int unsigned,NO,MUL,
gst_einvoice,id,int unsigned,NO,PRI,
gst_einvoice,invoice_id,int unsigned,NO,UNI,
gst_einvoice,qr_code_binary_object_id,int unsigned,YES,MUL,
gst_einvoice,ack_no,varchar(100),YES,,
gst_einvoice,ack_date,timestamp,YES,,
gst_einvoice,irn,varchar(255),YES,,
gst_einvoice,signed_invoice,mediumtext,YES,,
gst_einvoice,signed_qr_code,mediumtext,YES,,
gst_einvoice,status,varchar(25),YES,,
gst_einvoice,ewb_no,varchar(255),YES,,
gst_einvoice,ewb_date,timestamp,YES,,
gst_einvoice,ewb_valid_till,timestamp,YES,,
gst_einvoice,remarks,varchar(150),YES,,
gst_einvoice,decoded_qrcode_content,varchar(3000),YES,,
gst_einvoice,created,datetime,NO,,
gst_einvoice,eway_bill_pdf_url,varchar(255),YES,,
gst_einvoice_failure,id,int unsigned,NO,PRI,
gst_einvoice_failure,invoice_id,int unsigned,NO,MUL,
gst_einvoice_failure,error,varchar(1000),YES,,
gst_einvoice_failure,info_details,varchar(1000),YES,,
gst_einvoice_failure,created,datetime,NO,,
gst_einvoice_seller_credentials,id,int unsigned,NO,PRI,
gst_einvoice_seller_credentials,tenant_id,int unsigned,YES,MUL,
gst_einvoice_seller_credentials,party_id,int unsigned,NO,MUL,
gst_einvoice_seller_credentials,client_id,varchar(50),YES,,
gst_einvoice_seller_credentials,gstin,varchar(45),NO,,
gst_einvoice_seller_credentials,client_secret,varchar(250),YES,,
gst_einvoice_seller_credentials,username,varchar(100),NO,,
gst_einvoice_seller_credentials,password,varchar(50),NO,,
gst_einvoice_seller_credentials,gsp_provider_name,varchar(50),YES,,
gst_einvoice_seller_credentials,enabled,tinyint(1),YES,,1
gst_einvoice_seller_credentials,created,datetime,NO,,
gst_einvoice_seller_credentials,updated,timestamp,NO,,CURRENT_TIMESTAMP
handling_unit,id,int unsigned,NO,PRI,
handling_unit,code,varchar(45),YES,MUL,
handling_unit,type,"enum('PALLET','BOX','TOTE')",NO,,
handling_unit,facility_id,int unsigned,NO,MUL,
handling_unit,process_status,"enum('IN_GRN','GRN_QC_COMPLETE','PENDING_PUTAWAY','ON_SHELF','IN_PICKING','PENDING_SORTING','IN_SORTING','SORTED','PENDING_PACKING','IN_PACKING','PENDING_DISPATCH','DISPATCHED')",YES,,
handling_unit,status,"enum('FREE','OPEN','DISCARDED','PRINTED','SEALED')",NO,,FREE
handling_unit,package_type_id,int unsigned,YES,MUL,
handling_unit,box_length,int,NO,,0
handling_unit,box_width,int,NO,,0
handling_unit,box_height,int,NO,,0
handling_unit,box_weight,"decimal(12,3)",YES,,
handling_unit,putback_pending,tinyint(1),NO,,0
handling_unit,inventory_type,varchar(45),YES,,
handling_unit,shelf_id,int unsigned,YES,,
handling_unit,rejection_reason,varchar(256),YES,,
handling_unit,created,datetime,NO,,CURRENT_TIMESTAMP
handling_unit,updated,timestamp,NO,,CURRENT_TIMESTAMP
handling_unit_item,id,int unsigned,NO,PRI,
handling_unit_item,handling_unit_id,int unsigned,NO,MUL,
handling_unit_item,item_type_id,int unsigned,NO,MUL,
handling_unit_item,quantity,int,NO,,
handling_unit_item,cancelled_quantity,int,NO,,
handling_unit_item,inventory_type,varchar(50),NO,,
handling_unit_item,batch_id,int unsigned,YES,MUL,
handling_unit_item,created,datetime,NO,,CURRENT_TIMESTAMP
handling_unit_item,updated,timestamp,NO,,CURRENT_TIMESTAMP
handling_unit_item_picklist_item,id,int unsigned,NO,PRI,
handling_unit_item_picklist_item,handling_unit_item_id,int unsigned,NO,MUL,
handling_unit_item_picklist_item,picklist_item_detail_id,int unsigned,NO,MUL,
handling_unit_item_picklist_item,quantity,int,NO,,
handling_unit_item_picklist_item,cancelled_quantity,int,NO,,
handling_unit_item_putaway_item,id,int unsigned,NO,PRI,
handling_unit_item_putaway_item,handling_unit_item_id,int unsigned,NO,MUL,
handling_unit_item_putaway_item,putaway_item_id,int unsigned,NO,MUL,
handling_unit_item_putaway_item,quantity,int,NO,,
handling_unit_item_putaway_item,cancelled_quantity,int,NO,,
handling_unit_item_usn,id,int unsigned,NO,PRI,
handling_unit_item_usn,handling_unit_id,int unsigned,NO,MUL,
handling_unit_item_usn,item_id,int unsigned,NO,UNI,
handling_unit_item_usn,created,datetime,NO,,CURRENT_TIMESTAMP
handling_unit_item_usn,updated,timestamp,NO,,CURRENT_TIMESTAMP
handling_unit_metadata,id,int unsigned,NO,PRI,
handling_unit_metadata,handling_unit_id,int unsigned,NO,MUL,
handling_unit_metadata,entity_id,int unsigned,NO,MUL,
handling_unit_metadata,entity_type,"enum('B2B_PICKLIST','PUTAWAY','INFLOW_RECEIPT')",NO,,
handling_unit_metadata,created,datetime,NO,,CURRENT_TIMESTAMP
handling_unit_metadata,updated,timestamp,NO,,CURRENT_TIMESTAMP
handling_unit_pool_summary,id,int unsigned,NO,PRI,
handling_unit_pool_summary,facility_id,int unsigned,NO,MUL,
handling_unit_pool_summary,hu_type,"enum('PALLET','BOX','TOTE')",NO,,
handling_unit_pool_summary,free_count,int unsigned,NO,,0
handling_unit_pool_summary,open_count,int unsigned,NO,,0
handling_unit_pool_summary,printed_count,int unsigned,NO,,0
handling_unit_pool_summary,discarded_count,int unsigned,NO,,0
handling_unit_pool_summary,active_count,int unsigned,NO,,0
handling_unit_pool_summary,created,datetime,NO,,CURRENT_TIMESTAMP
handling_unit_pool_summary,updated,timestamp,NO,,CURRENT_TIMESTAMP
hopped_sale_order_item_timeline,id,int unsigned,NO,PRI,
hopped_sale_order_item_timeline,sale_order_id,int unsigned,NO,MUL,
hopped_sale_order_item_timeline,sale_order_item_id,int unsigned,NO,MUL,
hopped_sale_order_item_timeline,tenant_id,int unsigned,NO,MUL,
hopped_sale_order_item_timeline,facility_id,int unsigned,YES,MUL,
hopped_sale_order_item_timeline,user_id,int unsigned,YES,MUL,
hopped_sale_order_item_timeline,status_code,varchar(45),NO,MUL,
hopped_sale_order_item_timeline,rejection_reason,varchar(45),YES,,
hopped_sale_order_item_timeline,assigned_to_facility_at,datetime,NO,,
hopped_sale_order_item_timeline,user_action_taken_at,timestamp,NO,,CURRENT_TIMESTAMP
hopped_sale_order_item_timeline,next_hop_time,datetime,YES,,
import_group,id,int unsigned,NO,PRI,
import_group,name,varchar(250),NO,UNI,
import_group,detective_script_name,varchar(250),NO,,
import_group,created,datetime,NO,,
import_group,updated,timestamp,NO,,CURRENT_TIMESTAMP
import_job,id,int unsigned,NO,PRI,
import_job,import_job_type_id,int unsigned,NO,MUL,
import_job,user_id,int unsigned,NO,MUL,
import_job,description,varchar(256),NO,,
import_job,scheduled_time,datetime,NO,,
import_job,file_path,varchar(500),NO,,
import_job,log_file_path,varchar(500),YES,,
import_job,total_rows,int unsigned,NO,,
import_job,rows_processed,int,NO,,0
import_job,successful_import_count,int,NO,,0
import_job,failed_import_count,int,NO,,0
import_job,import_option,varchar(45),NO,,
import_job,notification_email,varchar(100),YES,,
import_job,created,datetime,NO,,
import_job,updated,timestamp,NO,,CURRENT_TIMESTAMP
import_job,facility_id,int unsigned,YES,MUL,
import_job_type,id,int unsigned,NO,PRI,
import_job_type,tenant_id,int unsigned,NO,MUL,
import_job_type,name,varchar(45),NO,MUL,
import_job_type,handler_class,varchar(200),NO,,
import_job_type,import_job_config,text,NO,,
import_job_type,enabled,tinyint(1),NO,,
import_job_type,access_resource_name,varchar(100),YES,,
import_job_type,processor_script_name,varchar(256),YES,,
import_job_type,group_by_sort,tinyint(1),NO,,0
import_job_type,import_options,"set('CREATE_NEW','UPDATE_EXISTING','CREATE_NEW_AND_UPDATE_EXISTING')",NO,,
import_job_type,upper_limit,varchar(45),YES,,
import_job_type,log_level,int unsigned,NO,,0
import_job_type,log_expression_text,varchar(256),YES,,
import_job_type,created,datetime,NO,,
import_job_type,updated,timestamp,NO,,CURRENT_TIMESTAMP
import_job_type,hide_global_import,tinyint(1),NO,,0
inbound_gate_pass,id,int unsigned,NO,PRI,
inbound_gate_pass,facility_id,int unsigned,NO,MUL,
inbound_gate_pass,code,varchar(45),NO,MUL,
inbound_gate_pass,material_description,varchar(256),NO,,
inbound_gate_pass,no_of_parcel,int,YES,,
inbound_gate_pass,party_id,int unsigned,YES,MUL,
inbound_gate_pass,transporter,varchar(100),YES,,
inbound_gate_pass,tracking_number,varchar(100),YES,,
inbound_gate_pass,reference_number,varchar(100),YES,,
inbound_gate_pass,vehicle_number,varchar(45),YES,,
inbound_gate_pass,remarks,varchar(256),YES,,
inbound_gate_pass,user_id,int unsigned,YES,MUL,
inbound_gate_pass,created,datetime,NO,,
inbound_gate_pass,updated,timestamp,NO,,CURRENT_TIMESTAMP
inbound_gate_pass,purchase_order_id,int unsigned,YES,MUL,
inbound_gate_pass,vendor_invoice_number,varchar(45),YES,,
inbound_gate_pass,vendor_invoice_date,date,YES,,
inflow_receipt,id,int unsigned,NO,PRI,
inflow_receipt,facility_id,int unsigned,NO,MUL,
inflow_receipt,code,varchar(45),YES,,
inflow_receipt,user_id,int unsigned,NO,MUL,
inflow_receipt,purchase_order_id,int unsigned,NO,MUL,
inflow_receipt,status_code,varchar(45),NO,MUL,
inflow_receipt,vendor_invoice_number,varchar(45),NO,,
inflow_receipt,vendor_invoice_date,date,NO,,
inflow_receipt,currency_code,varchar(45),NO,,
inflow_receipt,currency_conversion_rate,"decimal(12,5) unsigned",NO,,1.00000
inflow_receipt,vendor_invoice_id,int unsigned,YES,MUL,
inflow_receipt,created,datetime,NO,,
inflow_receipt,updated,timestamp,NO,,CURRENT_TIMESTAMP
inflow_receipt,advance_shipping_notice_id,int unsigned,YES,MUL,
inflow_receipt,grn_received_timestamp,datetime,YES,,
inflow_receipt,qc_completed,datetime,YES,,
inflow_receipt,inbound_gate_pass_id,int unsigned,YES,MUL,
inflow_receipt,inbound_gate_pass_code,varchar(45),YES,,
inflow_receipt_item,id,int unsigned,NO,PRI,
inflow_receipt_item,inflow_receipt_id,int unsigned,NO,MUL,
inflow_receipt_item,purchase_order_item_id,int unsigned,NO,MUL,
inflow_receipt_item,item_type_id,int unsigned,NO,MUL,
inflow_receipt_item,quantity,int unsigned,NO,,
inflow_receipt_item,rejected_quantity,int unsigned,NO,,0
inflow_receipt_item,detailed_item_quantity,int,NO,,0
inflow_receipt_item,items_labelled,tinyint(1),NO,,0
inflow_receipt_item,max_retail_price,"decimal(12,2)",NO,,
inflow_receipt_item,unit_price,"decimal(12,2) unsigned",NO,,
inflow_receipt_item,discount,"decimal(12,2)",NO,,0.00
inflow_receipt_item,batch_code,varchar(45),YES,,
inflow_receipt_item,manufacturing_date,date,YES,,
inflow_receipt_item,additional_cost,"decimal(12,2)",NO,,0.00
inflow_receipt_item,expiry,datetime,YES,,
inflow_receipt_item,comments,varchar(256),YES,,
inflow_receipt_item,status_code,varchar(45),NO,MUL,
inflow_receipt_item,subtotal,"decimal(12,2) unsigned",NO,,
inflow_receipt_item,vat,"decimal(12,2) unsigned",NO,,
inflow_receipt_item,cst,"decimal(12,2) unsigned",NO,,
inflow_receipt_item,additional_tax,"decimal(12,2)",NO,,0.00
inflow_receipt_item,total,"decimal(12,2) unsigned",NO,,
inflow_receipt_item,created,datetime,NO,MUL,
inflow_receipt_item,updated,timestamp,NO,,CURRENT_TIMESTAMP
inflow_receipt_item,central_gst,"decimal(12,2)",NO,,0.00
inflow_receipt_item,state_gst,"decimal(12,2)",NO,,0.00
inflow_receipt_item,union_territory_gst,"decimal(12,2)",NO,,0.00
inflow_receipt_item,integrated_gst,"decimal(12,2)",NO,,0.00
inflow_receipt_item,compensation_cess,"decimal(12,2)",NO,,0.00
inflow_receipt_item,batch_id,int unsigned,YES,MUL,
inflow_receipt_item,qc_rejected_inward_qty,int unsigned,NO,,0
inflow_receipt_item,tolerance_inward_qty,int unsigned,NO,,0
inflow_receipt_item_status,id,int unsigned,NO,PRI,
inflow_receipt_item_status,code,varchar(45),NO,UNI,
inflow_receipt_item_status,description,varchar(45),YES,,
inflow_receipt_status,id,int unsigned,NO,PRI,
inflow_receipt_status,code,varchar(45),NO,UNI,
inflow_receipt_status,description,varchar(45),YES,,
inventory_adjustment,id,int unsigned,NO,PRI,
inventory_adjustment,facility_id,int unsigned,NO,MUL,
inventory_adjustment,adjustment_type,"enum('ADD','REMOVE','TRANSFER','REPLACE','GOOD_TO_BAD','STOCK_TAKE_ADD','STOCK_TAKE_REMOVE')",NO,,
inventory_adjustment,sku_code,varchar(50),NO,MUL,
inventory_adjustment,item_type_name,varchar(200),NO,MUL,
inventory_adjustment,from_shelf_code,varchar(45),YES,,
inventory_adjustment,to_shelf_code,varchar(45),YES,,
inventory_adjustment,inventory_type,varchar(45),NO,MUL,GOOD_INVENTORY
inventory_adjustment,username,varchar(100),YES,,
inventory_adjustment,remarks,varchar(255),YES,,
inventory_adjustment,quantity,int,NO,,
inventory_adjustment,created,datetime,NO,MUL,
inventory_adjustment,updated,timestamp,NO,,CURRENT_TIMESTAMP
inventory_adjustment,old_quantity,int,YES,,
inventory_adjustment,batch_id,int unsigned,YES,MUL,
inventory_allocation_rule,id,int unsigned,NO,PRI,
inventory_allocation_rule,channel_id,int unsigned,NO,MUL,
inventory_allocation_rule,facility_id,int unsigned,NO,MUL,
inventory_allocation_rule,priority_section_id,int unsigned,YES,,
inventory_allocation_rule,storage_area,"enum('LOOSE','BULK')",YES,,
inventory_allocation_rule,allocation_strategy,"enum('LIFO_LEFO','FIFO_FEFO','WATERFALL_FIFO_FEFO','WATERFALL_LIFO_LEFO')",NO,,FIFO_FEFO
inventory_allocation_rule,created_at,timestamp,NO,,CURRENT_TIMESTAMP
inventory_allocation_rule,updated_at,timestamp,NO,,CURRENT_TIMESTAMP
inventory_allocation_rule,created_by,int unsigned,NO,MUL,
inventory_allocation_rule,updated_by,int unsigned,YES,MUL,
inventory_allocation_rule,enabled,tinyint(1),NO,,1
inventory_availability_change_ledger,id,int unsigned,NO,PRI,
inventory_availability_change_ledger,tenant_id,int unsigned,NO,,
inventory_availability_change_ledger,facility_id,int unsigned,NO,,
inventory_availability_change_ledger,sku_code,varchar(50),NO,,
inventory_availability_change_ledger,item_type_id,int unsigned,NO,,
inventory_availability_change_ledger,old_quantity,int unsigned,NO,,
inventory_availability_change_ledger,new_quantity,int unsigned,NO,,
inventory_availability_change_ledger,out_of_stock,tinyint(1),NO,,
inventory_availability_change_ledger,acknowledged,tinyint(1),NO,,
inventory_availability_change_ledger,created,datetime,NO,,
inventory_daily_balance,id,int unsigned,NO,PRI,
inventory_daily_balance,facility_id,int unsigned,NO,MUL,
inventory_daily_balance,item_type_id,int unsigned,NO,,
inventory_daily_balance,inventory,int unsigned,NO,,0
inventory_daily_balance,inventory_not_synced,int unsigned,NO,,0
inventory_daily_balance,bad_inventory,int unsigned,NO,,0
inventory_daily_balance,awaiting_putaway,int unsigned,NO,,0
inventory_daily_balance,inventory_blocked,int,NO,,0
inventory_daily_balance,balance_type,"enum('OPENING','CLOSING')",YES,,
inventory_daily_balance,entry_date,date,NO,,
inventory_daily_balance,created,timestamp,NO,,CURRENT_TIMESTAMP
inventory_ledger,id,int unsigned,NO,PRI,
inventory_ledger,facility_id,int unsigned,NO,MUL,
inventory_ledger,sku_code,varchar(50),YES,MUL,
inventory_ledger,transaction_type,"enum('OPENING_BALANCE','GRN','RETURN','OUTBOUND_GATE_PASS','OUTBOUND_GATE_PASS_RETURN','INVENTORY_ADJUSTMENT','INVOICE_CREATION','INBOUND_STOCK_TRANSFER')",YES,,
inventory_ledger,transaction_identifier,varchar(128),NO,,
inventory_ledger,old_balance,int,NO,,
inventory_ledger,new_balance,int,NO,,
inventory_ledger,quantity,int,NO,,
inventory_ledger,status_code,"enum('LIVE','ARCHIVED')",YES,,LIVE
inventory_ledger,additional_info,varchar(500),YES,,
inventory_ledger,created,timestamp,NO,,CURRENT_TIMESTAMP
inventory_ledger,version,int unsigned,YES,,0
inventory_mismatch_data,id,int,NO,PRI,
inventory_mismatch_data,facility_id,int,NO,,
inventory_mismatch_data,item_type_id,int,NO,,
inventory_mismatch_data,mismatch_type,varchar(200),NO,,
inventory_mismatch_data,mismatch_json,json,YES,,
inventory_mismatch_data,created_at,datetime,NO,,
inventory_mismatch_metadata,id,int,NO,PRI,
inventory_mismatch_metadata,tenant_id,int,YES,MUL,
inventory_mismatch_metadata,facility_id,int,YES,,
inventory_mismatch_metadata,iti_mismatch_count,int,YES,,
inventory_mismatch_metadata,itis_mismatch_count,int,YES,,
inventory_mismatch_metadata,created_at,datetime,YES,,CURRENT_TIMESTAMP
inventory_mismatch_metadata,updated_at,datetime,YES,,CURRENT_TIMESTAMP
inventory_movement_ledger,id,int unsigned,NO,PRI,
inventory_movement_ledger,tenant_id,int unsigned,NO,MUL,
inventory_movement_ledger,facility_id,int unsigned,NO,MUL,
inventory_movement_ledger,shelf_id,int unsigned,NO,MUL,
inventory_movement_ledger,sku_code,varchar(45),NO,,
inventory_movement_ledger,batch_code,varchar(45),YES,,
inventory_movement_ledger,inventory_type,varchar(45),NO,,
inventory_movement_ledger,transaction_type,varchar(45),NO,,
inventory_movement_ledger,transaction_code,varchar(128),NO,,
inventory_movement_ledger,qty_in,int,NO,,0
inventory_movement_ledger,qty_out,int,NO,,0
inventory_movement_ledger,transaction_time,timestamp,NO,,CURRENT_TIMESTAMP
inventory_movement_ledger,source_entity,varchar(64),NO,,
inventory_movement_ledger,source_entity_id,varchar(128),NO,,
inventory_movement_ledger,additional_info,varchar(500),YES,,
inventory_movement_ledger,created,timestamp,NO,,CURRENT_TIMESTAMP
inventory_pool,id,int unsigned,NO,PRI,
inventory_pool,facility_id,int unsigned,NO,MUL,
inventory_pool,code,varchar(45),YES,MUL,
inventory_pool,activation_date,date,YES,,
inventory_pool,expiry_date,date,YES,,
inventory_pool,status_code,"enum('ACTIVE','INACTIVE','EXPIRED','CREATED','SUSPENDED')",NO,,CREATED
inventory_pool,type,"enum('ORDER','CHANNEL','CUSTOMER','SAFETY')",NO,,
inventory_pool,enabled_for_allocation,tinyint(1),YES,,1
inventory_pool,enabled_for_sync,tinyint(1),YES,,1
inventory_pool,created,timestamp,NO,,CURRENT_TIMESTAMP
inventory_pool,updated,timestamp,NO,,CURRENT_TIMESTAMP
inventory_pool,user_id,int unsigned,YES,MUL,
inventory_settlement,id,int unsigned,NO,PRI,
inventory_settlement,tenant_id,int unsigned,NO,MUL,
inventory_settlement,item_type_inventory_id,int unsigned,NO,MUL,
inventory_settlement,facility_id,int,YES,,
inventory_settlement,item_type_id,int,YES,,
inventory_settlement,quantity,int,YES,,0
inventory_settlement,quantity_blocked,int,YES,,0
inventory_settlement,settled,tinyint(1),NO,MUL,0
inventory_settlement,entity_name,varchar(45),NO,,
inventory_settlement,identifier,int unsigned,NO,,
inventory_settlement,work_flow,varchar(45),NO,,
inventory_settlement,created,timestamp,NO,,CURRENT_TIMESTAMP
inventory_settlement,updated,timestamp,NO,,CURRENT_TIMESTAMP
invoice,id,int unsigned,NO,PRI,
invoice,facility_id,int unsigned,NO,MUL,
invoice,code,varchar(175),YES,MUL,
invoice,user_id,int unsigned,NO,,
invoice,from_party_id,int unsigned,NO,MUL,
invoice,to_party_id,int unsigned,YES,MUL,
invoice,trashed,tinyint(1),NO,,0
invoice,created,datetime,NO,MUL,
invoice,updated,timestamp,NO,,CURRENT_TIMESTAMP
invoice,type,"enum('SALE','PURCHASE','GATEPASS','SALE_RETURN','PURCHASE_RETURN','GATEPASS_RETURN','DELIVERY_CHALLAN')",NO,,SALE
invoice,gst_einvoice_status,"enum('UNIWARE_INVOICE_CREATED','READY_FOR_EINVOICE','EINVOICED','FAILED','CANCELLED','CANCELLATION_FAILED','UNKNOWN')",YES,MUL,UNIWARE_INVOICE_CREATED
invoice,display_code,varchar(175),YES,MUL,
invoice,channel_created,datetime,YES,,
invoice,url,varchar(255),YES,,
invoice,invoice_type_source_code,varchar(50),YES,,
invoice,gst_einvoice_retry_count,int unsigned,YES,,0
invoice,qr_code_binary_object_id,int unsigned,YES,,
invoice_item,id,int unsigned,NO,PRI,
invoice_item,invoice_id,int unsigned,NO,MUL,
invoice_item,item_type_id,int unsigned,NO,MUL,
invoice_item,product,varchar(200),NO,,
invoice_item,description,varchar(1000),YES,,
invoice_item,channel_product_id,varchar(128),YES,MUL,
invoice_item,seller_sku_code,varchar(128),YES,,
invoice_item,sku_code,varchar(128),NO,MUL,
invoice_item,hsn_code,varchar(45),YES,,
invoice_item,additional_info,varchar(3000),YES,,
invoice_item,item_details,varchar(2048),YES,,
invoice_item,unit_price,"decimal(12,2) unsigned",NO,,
invoice_item,quantity,int unsigned,NO,,
invoice_item,subtotal,"decimal(12,2) unsigned",NO,,
invoice_item,discount,"decimal(12,2)",NO,,0.00
invoice_item,tax_type_code,varchar(45),YES,,
invoice_item,tax_percentage,"decimal(6,3)",YES,,
invoice_item,vat,"decimal(12,2) unsigned",YES,,
invoice_item,cst,"decimal(12,2) unsigned",YES,,
invoice_item,service_tax,"decimal(12,2) unsigned",YES,,
invoice_item,additional_tax_percentage,"decimal(6,3)",YES,,
invoice_item,additional_tax,"decimal(12,2)",YES,,
invoice_item,shipping_charges,"decimal(12,2)",NO,,0.00
invoice_item,shipping_method_charges,"decimal(12,2)",NO,,0.00
invoice_item,cash_on_delivery_charges,"decimal(12,2)",NO,,0.00
invoice_item,gift_wrap_charges,"decimal(12,2)",NO,,0.00
invoice_item,total,"decimal(12,2) unsigned",NO,,
invoice_item,TCS_amount,"decimal(12,4)",YES,,0.0000
invoice_item,prepaid_amount,"decimal(12,2)",NO,,0.00
invoice_item,voucher_value,"decimal(12,2)",NO,,0.00
invoice_item,store_credit,"decimal(12,2)",NO,,0.00
invoice_item,integrated_gst,"decimal(12,2) unsigned",YES,,
invoice_item,union_territory_gst,"decimal(12,2) unsigned",YES,,
invoice_item,state_gst,"decimal(12,2) unsigned",YES,,
invoice_item,central_gst,"decimal(12,2) unsigned",YES,,
invoice_item,compensation_cess,"decimal(12,2) unsigned",YES,,
invoice_item,central_gst_percentage,"decimal(6,3)",YES,,
invoice_item,state_gst_percentage,"decimal(6,3)",YES,,
invoice_item,union_territory_gst_percentage,"decimal(6,3)",YES,,
invoice_item,integrated_gst_percentage,"decimal(6,3)",YES,,
invoice_item,compensation_cess_percentage,"decimal(6,3)",YES,,
invoice_item,bundle_id,int unsigned,YES,MUL,
invoice_item,adjustment_in_selling_price,"decimal(12,2)",YES,,
invoice_item,adjustment_in_discount,"decimal(12,2)",YES,,
invoice_item,batch_id,int unsigned,YES,MUL,
invoice_item,manufacturing_date,date,YES,,
invoice_item,expiry_date,date,YES,,
invoice_item_tax,id,int unsigned,NO,PRI,
invoice_item_tax,invoice_item_id,int unsigned,NO,MUL,
invoice_item_tax,cost_head,varchar(50),NO,MUL,
invoice_item_tax,tax_type_code,varchar(45),NO,,
invoice_item_tax,tax_percentage,"decimal(6,3)",NO,,
invoice_item_tax,vat,"decimal(12,2) unsigned",NO,,0.00
invoice_item_tax,cst,"decimal(12,2) unsigned",NO,,0.00
invoice_item_tax,service_tax,"decimal(12,2) unsigned",NO,,0.00
invoice_item_tax,additional_tax_percentage,"decimal(6,3)",NO,,
invoice_item_tax,additional_tax,"decimal(12,2)",NO,,0.00
invoice_item_tax,integrated_gst,"decimal(12,2) unsigned",NO,,0.00
invoice_item_tax,union_territory_gst,"decimal(12,2) unsigned",NO,,0.00
invoice_item_tax,state_gst,"decimal(12,2) unsigned",NO,,0.00
invoice_item_tax,central_gst,"decimal(12,2) unsigned",NO,,0.00
invoice_item_tax,compensation_cess,"decimal(12,2) unsigned",NO,,0.00
invoice_item_tax,central_gst_percentage,"decimal(6,3)",NO,,
invoice_item_tax,state_gst_percentage,"decimal(6,3)",NO,,
invoice_item_tax,union_territory_gst_percentage,"decimal(6,3)",NO,,
invoice_item_tax,integrated_gst_percentage,"decimal(6,3)",NO,,
invoice_item_tax,compensation_cess_percentage,"decimal(6,3)",NO,,
invoice_item_tax,export_tax_name,varchar(45),YES,,
invoice_item_tax,export_tax_percentage,"decimal(6,2)",NO,,0.00
invoice_item_tax,export_tax,"decimal(12,2)",NO,,0.00
invoice_item_tax,export_tax_type_code,varchar(45),YES,,
invoice_sale_order_item,id,int unsigned,NO,PRI,
invoice_sale_order_item,invoice_item_id,int unsigned,NO,MUL,
invoice_sale_order_item,sale_order_item_id,int unsigned,NO,MUL,
invoice_sale_order_item,created,datetime,NO,,
invoice_sale_order_item,updated,timestamp,NO,,CURRENT_TIMESTAMP
invoice_transaction,id,int unsigned,NO,PRI,
invoice_transaction,invoice_code,varchar(255),YES,,
invoice_transaction,facility_id,int unsigned,YES,MUL,
invoice_transaction,sale_order_code,varchar(255),YES,,
invoice_transaction,shipping_package_id,int unsigned,NO,MUL,
invoice_transaction,status,varchar(45),NO,,
invoice_transaction,metadata_json,text,YES,,
invoice_transaction,is_forward_invoice,tinyint(1),NO,,1
invoice_transaction,created,datetime,NO,,
invoice_transaction,updated,datetime,NO,,
item,id,int unsigned,NO,PRI,
item,vendor_id,int unsigned,YES,MUL,
item,item_type_id,int unsigned,NO,MUL,
item,inflow_receipt_item_id,int unsigned,YES,MUL,
item,putaway_id,int unsigned,YES,MUL,
item,shelf_id,int unsigned,YES,MUL,
item,facility_id,int unsigned,NO,MUL,
item,code,varchar(100),YES,MUL,
item,inventory_type,"enum('GOOD_INVENTORY','BAD_INVENTORY','QC_REJECTED')",NO,,
item,vendor_item_code,varchar(45),YES,,
item,item_details,varchar(256),YES,,
item,manufacturing_date,date,YES,,
item,ageing_start_date,date,YES,,
item,bad_inventory_marked_time,datetime,YES,,
item,status_code,varchar(45),NO,MUL,
item,rejection_reason,varchar(256),YES,,
item,created,datetime,NO,,
item,updated,timestamp,NO,,CURRENT_TIMESTAMP
item,last_cycle_count_id,int unsigned,YES,MUL,
item,version,int unsigned,YES,,0
item,putaway_item_id,int unsigned,YES,MUL,
item,item_type_inventory_id,int unsigned,YES,MUL,
item,sale_order_item_id,int unsigned,YES,MUL,
item_detail_field,id,int unsigned,NO,PRI,
item_detail_field,tenant_id,int unsigned,NO,MUL,
item_detail_field,name,varchar(45),NO,MUL,
item_detail_field,display_name,varchar(45),NO,,
item_detail_field,validator_pattern,varchar(100),YES,,
item_detail_field,enabled,tinyint(1),NO,,1
item_detail_field,created,datetime,NO,,
item_detail_field,updated,timestamp,NO,,CURRENT_TIMESTAMP
item_quality_check_mapping,item_id,int unsigned,NO,MUL,
item_quality_check_mapping,quality_check_id,int unsigned,NO,MUL,
item_state_machine,id,int unsigned,NO,PRI,
item_state_machine,facility_id,int unsigned,YES,MUL,
item_state_machine,old_status,varchar(45),YES,,
item_state_machine,new_status,varchar(45),YES,,
item_state_machine,frequency,int unsigned,YES,,1
item_status,id,int unsigned,NO,PRI,
item_status,code,varchar(45),NO,UNI,
item_status,description,varchar(45),YES,,
item_status_audit,id,int unsigned,NO,PRI,
item_status_audit,item_type_id,int unsigned,NO,MUL,
item_status_audit,item_id,int,NO,,
item_status_audit,item_code,varchar(50),NO,,
item_status_audit,old_status_code,varchar(50),NO,,
item_status_audit,new_status_code,varchar(50),NO,,
item_status_audit,inventory_type,varchar(50),YES,,GOOD_INVENTORY
item_status_audit,facility_id,int unsigned,NO,MUL,
item_status_audit,workFlow,varchar(50),NO,,
item_status_audit,created,datetime,NO,,
item_type,id,int unsigned,NO,PRI,
item_type,tenant_id,int unsigned,NO,MUL,
item_type,category_id,int unsigned,NO,MUL,
item_type,sku_code,varchar(50),NO,MUL,
item_type,type,"enum('SIMPLE','BUNDLE')",NO,,SIMPLE
item_type,name,varchar(200),NO,,
item_type,color,varchar(100),YES,,
item_type,size,varchar(100),YES,,
item_type,brand,varchar(100),YES,,
item_type,description,text,YES,,
item_type,scan_identifier,varchar(45),NO,,
item_type,length,int unsigned,NO,,0
item_type,width,int unsigned,NO,,0
item_type,height,int unsigned,NO,,0
item_type,weight,"decimal(12,3) unsigned",NO,,0.000
item_type,ean,varchar(45),YES,,
item_type,upc,varchar(45),YES,,
item_type,isbn,varchar(45),YES,,
item_type,max_retail_price,"decimal(12,2)",YES,,
item_type,base_price,"decimal(12,2)",YES,,
item_type,cost_price,"decimal(12,2)",YES,,
item_type,tat,int,YES,,
item_type,tax_type_id,int unsigned,YES,MUL,
item_type,traceable,tinyint(1),YES,,
item_type,tags,varchar(256),YES,,
item_type,image_url,varchar(256),YES,,
item_type,product_page_url,varchar(256),YES,,
item_type,features,varchar(5000),YES,,
item_type,item_detail_fields,varchar(100),YES,,
item_type,min_order_size,int,NO,,1
item_type,requires_customization,tinyint(1),NO,,0
item_type,enabled,tinyint(1),YES,,1
item_type,created,datetime,NO,,
item_type,updated,timestamp,NO,,CURRENT_TIMESTAMP
item_type,hsn_code,varchar(45),YES,,
item_type,gst_tax_type_id,int unsigned,YES,MUL,
item_type,expirable,tinyint(1),YES,,
item_type,shelf_life,int unsigned,YES,,0
item_type,batch_group_id,int unsigned,YES,MUL,
item_type,grn_expiry_tolerance,int,YES,,
item_type,dispatch_expiry_tolerance,int,YES,,
item_type,return_expiry_tolerance,int,YES,,
item_type,determine_expiry_from,"enum('MANUFACTURING_DATE','EXPIRY_DATE','FROM_COMPONENT_SKU')",YES,,
item_type,expiry_date,date,YES,,
item_type,scan_type,"enum('SIMPLE','BUNDLE')",NO,,SIMPLE
item_type,sku_type,"enum('GOODS','SERVICE')",YES,,GOODS
item_type,fragile,tinyint(1),NO,,0
item_type,dangerous_good,tinyint(1),NO,,0
item_type,is_kit_sku,tinyint(1),NO,,0
item_type,multi_box_details,text,YES,,
item_type_inventory,id,int unsigned,NO,PRI,
item_type_inventory,facility_id,int unsigned,NO,MUL,
item_type_inventory,item_type_id,int unsigned,NO,MUL,
item_type_inventory,shelf_id,int unsigned,NO,MUL,
item_type_inventory,type,"enum('GOOD_INVENTORY','BAD_INVENTORY','QC_REJECTED','VIRTUAL_INVENTORY')",YES,,
item_type_inventory,ageing_start_date,date,NO,,
item_type_inventory,quantity,int unsigned,NO,,
item_type_inventory,quantity_blocked,int unsigned,NO,,0
item_type_inventory,quantity_not_found,int unsigned,NO,,0
item_type_inventory,quantity_damaged,int unsigned,NO,,0
item_type_inventory,quantity_lost,int unsigned,NO,,0
item_type_inventory,excess_quantity,int unsigned,NO,,0
item_type_inventory,priority,int unsigned,NO,,0
item_type_inventory,sla,int,YES,,
item_type_inventory,created,datetime,NO,,
item_type_inventory,updated,timestamp,NO,,CURRENT_TIMESTAMP
item_type_inventory,batch_id,int unsigned,YES,MUL,
item_type_inventory,id_unique,varchar(255),NO,UNI,abcd
item_type_inventory,version,int unsigned,YES,,0
item_type_inventory,sanity_reason,varchar(100),YES,,
item_type_inventory,sanity_date,date,YES,,
item_type_inventory,thread_id,varchar(255),YES,,
item_type_inventory,user_id,int unsigned,YES,,
item_type_inventory,batch_recall_flag,tinyint(1),NO,,0
item_type_inventory,status,"enum('ACTIVE','QUARANTINED','PENDING_FOR_APPROVAL')",YES,,ACTIVE
item_type_inventory_AUD,id,int unsigned,NO,PRI,
item_type_inventory_AUD,facility_id,int unsigned,NO,MUL,
item_type_inventory_AUD,item_type_id,int unsigned,NO,,
item_type_inventory_AUD,shelf_id,int unsigned,NO,,
item_type_inventory_AUD,type,"enum('GOOD_INVENTORY','BAD_INVENTORY','QC_REJECTED','VIRTUAL_INVENTORY')",YES,,
item_type_inventory_AUD,ageing_start_date,date,NO,,
item_type_inventory_AUD,quantity,int unsigned,NO,,
item_type_inventory_AUD,quantity_blocked,int,NO,,0
item_type_inventory_AUD,quantity_not_found,int,NO,,0
item_type_inventory_AUD,quantity_damaged,int,NO,,0
item_type_inventory_AUD,quantity_lost,int,NO,,0
item_type_inventory_AUD,priority,int unsigned,NO,,0
item_type_inventory_AUD,sla,int,YES,,
item_type_inventory_AUD,created,datetime,NO,,
item_type_inventory_AUD,updated,timestamp,NO,,CURRENT_TIMESTAMP
item_type_inventory_AUD,batch_id,int unsigned,YES,,
item_type_inventory_AUD,id_unique,varchar(255),NO,,abcd
item_type_inventory_AUD,version,int unsigned,YES,,0
item_type_inventory_AUD,sanity_reason,varchar(100),YES,,
item_type_inventory_AUD,sanity_date,date,YES,,
item_type_inventory_AUD,thread_id,varchar(255),YES,,
item_type_inventory_AUD,rev,int unsigned,NO,PRI,
item_type_inventory_AUD,revtype,smallint,YES,,
item_type_inventory_AUD,user_id,int unsigned,YES,,
item_type_inventory_AUD,batch_recall_flag,tinyint(1),YES,,
item_type_inventory_AUD,excess_quantity,int unsigned,NO,,0
item_type_inventory_AUD,status,"enum('ACTIVE','QUARANTINED','PENDING_FOR_APPROVAL')",YES,,ACTIVE
item_type_inventory_allocation,id,int unsigned,NO,PRI,
item_type_inventory_allocation,tenant_id,int unsigned,NO,MUL,
item_type_inventory_allocation,sale_order_item_id,int unsigned,NO,MUL,
item_type_inventory_allocation,item_type_inventory_id,int unsigned,NO,MUL,
item_type_inventory_allocation,sku_code,varchar(50),YES,,
item_type_inventory_allocation,shelf_code,varchar(50),YES,,
item_type_inventory_allocation,batch_code,varchar(50),YES,,
item_type_inventory_allocation,facility_code,varchar(50),YES,,
item_type_inventory_allocation,quantity,int unsigned,NO,,
item_type_inventory_allocation,status_code,"enum('ALLOCATED','ADDED_IN_PICKLIST','CANCELLED_IN_PICKLIST','DEALLOCATED','PICKLIST_SCAN_COMPLETE','NOT_FOUND_IN_PICKLIST','EXCESS_PUTBACK_IN_PICKLIST')",YES,,
item_type_inventory_allocation,created,datetime,NO,,
item_type_inventory_allocation,updated,timestamp,NO,,CURRENT_TIMESTAMP
item_type_inventory_allocation,picklist_item_metadata_id,int unsigned,YES,MUL,
item_type_inventory_snapshot,id,int unsigned,NO,PRI,
item_type_inventory_snapshot,facility_id,int unsigned,NO,MUL,
item_type_inventory_snapshot,item_type_id,int unsigned,NO,MUL,
item_type_inventory_snapshot,pending_inventory_assessment,int unsigned,NO,,0
item_type_inventory_snapshot,inventory,int unsigned,NO,,0
item_type_inventory_snapshot,inventory_blocked,int unsigned,NO,,0
item_type_inventory_snapshot,bad_inventory,int unsigned,NO,,0
item_type_inventory_snapshot,open_sale,int unsigned,NO,,0
item_type_inventory_snapshot,open_purchase,int unsigned,NO,,0
item_type_inventory_snapshot,putaway_pending,int unsigned,NO,,0
item_type_inventory_snapshot,pending_stock_transfer,int unsigned,NO,,0
item_type_inventory_snapshot,vendor_inventory,int unsigned,NO,,0
item_type_inventory_snapshot,virtual_inventory,int unsigned,NO,,0
item_type_inventory_snapshot,quantity_not_found,int unsigned,NO,,0
item_type_inventory_snapshot,excess_quantity,int unsigned,NO,,0
item_type_inventory_snapshot,bad_not_found_qty,int unsigned,NO,,0
item_type_inventory_snapshot,bad_excess_qty,int unsigned,NO,,0
item_type_inventory_snapshot,acknowledged,tinyint(1),NO,MUL,1
item_type_inventory_snapshot,reassess_version,int unsigned,NO,,0
item_type_inventory_snapshot,min_bin_quantity,int,NO,,0
item_type_inventory_snapshot,created,datetime,NO,,
item_type_inventory_snapshot,updated,timestamp,NO,,CURRENT_TIMESTAMP
item_type_inventory_snapshot,awaiting_putaway,int unsigned,NO,,0
item_type_inventory_snapshot,version,int unsigned,YES,,0
item_type_inventory_snapshot,inventory_not_synced,int unsigned,NO,,0
item_type_inventory_snapshot,unacknowledged_time,datetime,NO,MUL,CURRENT_TIMESTAMP
item_type_inventory_snapshot,thread_id,varchar(255),YES,,
item_type_inventory_snapshot,user_id,int unsigned,YES,,
item_type_inventory_snapshot,activity,varchar(50),YES,,
item_type_inventory_snapshot,shelf_id,int unsigned,YES,,
item_type_inventory_snapshot,batch_recall_quantity,int unsigned,NO,,0
item_type_inventory_snapshot,quarantined_inventory,int unsigned,NO,,0
iti_mismatch,item_type_inventory_id,int,NO,PRI,
iti_mismatch,item_type_id,int,YES,,
iti_mismatch,sku_code,varchar(100),YES,,
iti_mismatch,facility_id,int,YES,,
iti_mismatch,facility_code,varchar(100),YES,,
iti_mismatch,shelf_id,int,YES,,
iti_mismatch,ageing_start_date,date,YES,,
iti_mismatch,current_good,int,YES,,
iti_mismatch,current_blocked,int,YES,,
iti_mismatch,new_quantity_blocked,int,YES,,0
iti_mismatch,batch_id,int unsigned,YES,,
iti_mismatch,batch_code,varchar(100),YES,,
iti_mismatch,effected_row,tinyint(1),YES,,1
iti_snapshot_debugging,id,int unsigned,NO,PRI,
iti_snapshot_debugging,trigger_or_flow,varchar(255),NO,,
iti_snapshot_debugging,column_name,varchar(45),NO,,
iti_snapshot_debugging,entity_name,varchar(45),NO,,
iti_snapshot_debugging,entity_id,int unsigned,NO,,
iti_snapshot_debugging,expression,varchar(255),YES,,
iti_snapshot_debugging,comment,varchar(255),YES,,
iti_snapshot_debugging,update_time,datetime,NO,,CURRENT_TIMESTAMP
iti_to_change,bad_id,int unsigned,NO,,0
iti_to_change,good_id,int unsigned,NO,,0
itis_mismatch,snapshot_id,int,NO,PRI,
itis_mismatch,item_type_id,int,YES,,
itis_mismatch,sku_code,varchar(100),YES,,
itis_mismatch,facility_id,int,YES,,
itis_mismatch,facility_code,varchar(100),YES,,
itis_mismatch,current_bad,int,YES,,0
itis_mismatch,new_bad,int,YES,,0
itis_mismatch,current_good,int,YES,,0
itis_mismatch,new_good,int,YES,,0
itis_mismatch,current_virtual,int,YES,,0
itis_mismatch,new_virtual,int,YES,,0
itis_mismatch,current_blocked,int,YES,,0
itis_mismatch,new_blocked,int,YES,,0
itis_mismatch,current_open_purchase,int,YES,,0
itis_mismatch,new_open_purchase,int,YES,,0
itis_mismatch,current_open_sale,int,YES,,0
itis_mismatch,new_open_sale,int,YES,,0
itis_mismatch,current_pending_putaway,int,YES,,0
itis_mismatch,new_pending_putaway,int,YES,,0
itis_mismatch,current_pending_stock_transfer,int,YES,,0
itis_mismatch,new_pending_stock_transfer,int,YES,,0
itis_mismatch,current_pending_inventory_assessment,int,YES,,0
itis_mismatch,new_pending_inventory_assessment,int,YES,,0
itis_mismatch,current_non_live,int,YES,,0
itis_mismatch,new_non_live,int,YES,,0
itis_mismatch,effected_row,tinyint(1),YES,,1
job_execution_tracker,id,bigint unsigned,NO,PRI,
job_execution_tracker,tenant_id,int unsigned,NO,MUL,
job_execution_tracker,job_name,varchar(64),NO,,
job_execution_tracker,last_execution_time,datetime,YES,,
job_execution_tracker,created_at,datetime,NO,,
job_execution_tracker,updated_at,datetime,NO,,
kit_component_batch_mapping,id,int unsigned,NO,PRI,
kit_component_batch_mapping,facility_id,int unsigned,NO,MUL,
kit_component_batch_mapping,kitSku,varchar(255),NO,,
kit_component_batch_mapping,componentSku,varchar(255),NO,,
kit_component_batch_mapping,kit_batch_code,varchar(255),NO,,
kit_component_batch_mapping,component_batch_code,varchar(255),NO,,
kit_component_batch_mapping,quantity,int unsigned,NO,,0
kit_component_batch_mapping,tenant_id,int unsigned,YES,MUL,
kit_item_type,id,int unsigned,NO,PRI,
kit_item_type,item_type_id,int unsigned,NO,MUL,
kit_item_type,component_sku_id,int unsigned,NO,MUL,
kit_item_type,quantity,int unsigned,YES,,0
kit_item_type,created,datetime,NO,,
kit_item_type,updated,timestamp,NO,,CURRENT_TIMESTAMP
kit_item_type,unit_price,"decimal(12,2)",YES,,
ledger_sku_opening_counter,id,int unsigned,NO,PRI,
ledger_sku_opening_counter,facility_id,int unsigned,NO,MUL,
ledger_sku_opening_counter,sku_code,varchar(45),NO,,
ledger_sku_opening_counter,counter,int,NO,,
location,id,int unsigned,NO,PRI,
location,pincode,varchar(45),NO,UNI,
location,name,varchar(100),NO,,
location,region,varchar(100),YES,,
location,city,varchar(100),YES,,
location,state_id,int unsigned,NO,MUL,
location,created,datetime,NO,,
location,updated,timestamp,NO,,CURRENT_TIMESTAMP
long_running_processlist,id,int unsigned,NO,PRI,
long_running_processlist,PID,bigint unsigned,NO,,0
long_running_processlist,USER,varchar(32),NO,,
long_running_processlist,HOST,varchar(64),NO,,
long_running_processlist,DB,varchar(64),YES,,
long_running_processlist,COMMAND,varchar(16),NO,,
long_running_processlist,QUERY_TIME,int,NO,,0
long_running_processlist,STATE,varchar(64),YES,,
long_running_processlist,INFO,longtext,YES,,
long_running_processlist,CREATED,datetime,NO,,
monitor_inv_mismatch_facility,id,int,NO,PRI,
monitor_inv_mismatch_facility,tenant_code,varchar(45),YES,MUL,
monitor_inv_mismatch_facility,facility_code,varchar(45),YES,,
monitor_inv_mismatch_facility,enabled,tinyint(1),YES,,0
multi_part_shipping_package,id,int unsigned,NO,PRI,
multi_part_shipping_package,facility_id,int unsigned,NO,MUL,
multi_part_shipping_package,shipping_package_id,int unsigned,NO,MUL,
multi_part_shipping_package,tracking_number,varchar(128),NO,,
multi_part_shipping_package,unified_dispatch_scan_status,varchar(45),NO,,PENDING
multi_part_shipping_package,created,timestamp,NO,,CURRENT_TIMESTAMP
multi_part_shipping_package,updated,timestamp,NO,,CURRENT_TIMESTAMP
not_found_audit,id,bigint,NO,PRI,
not_found_audit,not_found_at,datetime,NO,,
not_found_audit,sku_code,varchar(255),NO,,
not_found_audit,sku_name,varchar(255),YES,,
not_found_audit,shelf_code,varchar(255),YES,,
not_found_audit,quantity_not_found,int,NO,,
not_found_audit,workflow,varchar(255),NO,,
not_found_audit,entity_code,varchar(255),YES,,
not_found_audit,user_email,varchar(255),NO,,
not_found_audit,tenant_id,bigint,NO,,
not_found_audit,facility_id,bigint,NO,,
notification,id,int unsigned,NO,PRI,
notification,tenant_id,int unsigned,YES,MUL,
notification,facility_id,int unsigned,YES,MUL,
notification,entity,varchar(45),NO,,
notification,identifier,varchar(45),NO,,
notification,group_identifier,varchar(45),NO,MUL,
notification,field,varchar(45),NO,,
notification,old_value,varchar(256),NO,,
notification,new_value,varchar(256),NO,,
notification,addition_info,mediumtext,YES,,
notification,status_code,"enum('NEW','SUCCESS','FAILED','WAITING','SKIPPED')",NO,MUL,NEW
notification,failure_reason,text,YES,,
notification,user_id,int unsigned,YES,,
notification,created,timestamp,NO,,CURRENT_TIMESTAMP
notification,entity_code,varchar(75),YES,MUL,
notification,updated,timestamp,NO,,CURRENT_TIMESTAMP
oauth_access_token,id,int unsigned,NO,PRI,
oauth_access_token,tenant_id,int unsigned,NO,MUL,
oauth_access_token,token_id,varchar(256),NO,UNI,
oauth_access_token,token,blob,YES,,
oauth_access_token,authentication_id,varchar(256),YES,,
oauth_access_token,username,varchar(45),YES,,
oauth_access_token,client_id,varchar(45),NO,,
oauth_access_token,authentication,blob,YES,,
oauth_access_token,refresh_token,varchar(256),YES,,
oauth_access_token,created,datetime,NO,,
oauth_access_token,updated,timestamp,NO,,CURRENT_TIMESTAMP
oauth_refresh_token,id,int unsigned,NO,PRI,
oauth_refresh_token,tenant_id,int unsigned,NO,,
oauth_refresh_token,token_id,varchar(256),NO,UNI,
oauth_refresh_token,token,blob,YES,,
oauth_refresh_token,authentication,blob,YES,,
oauth_refresh_token,created,datetime,NO,,
oauth_refresh_token,updated,timestamp,NO,,CURRENT_TIMESTAMP
onetime_task,id,int unsigned,NO,PRI,
onetime_task,user_id,int unsigned,NO,MUL,
onetime_task,name,varchar(100),NO,,
onetime_task,task_class,varchar(500),NO,,
onetime_task,type,varchar(45),NO,,
onetime_task,scheduled_time,datetime,NO,,
onetime_task,notification_email,varchar(100),YES,,
onetime_task,email_template,varchar(45),YES,,
onetime_task,enabled,tinyint(1),NO,,1
onetime_task,result,text,YES,,
onetime_task,status_code,varchar(45),NO,MUL,
onetime_task,task_duration_in_sec,int,YES,,
onetime_task,created,datetime,NO,,
onetime_task,updated,timestamp,NO,,CURRENT_TIMESTAMP
onetime_task_parameter,id,int unsigned,NO,PRI,
onetime_task_parameter,onetime_task_id,int unsigned,NO,MUL,
onetime_task_parameter,name,varchar(45),NO,,
onetime_task_parameter,value,text,NO,,
onetime_task_status,id,int unsigned,NO,PRI,
onetime_task_status,code,varchar(45),NO,UNI,
onetime_task_status,description,varchar(45),YES,,
outbound_gate_pass,id,int unsigned,NO,PRI,
outbound_gate_pass,facility_id,int unsigned,NO,MUL,
outbound_gate_pass,code,varchar(60),YES,MUL,
outbound_gate_pass,type,"enum('RETURNABLE','NON_RETURNABLE','RETURN_TO_VENDOR','STOCK_TRANSFER','INTERNAL_CONSUMPTION','DISPOSAL')",YES,,
outbound_gate_pass,to_party_id,int unsigned,NO,MUL,
outbound_gate_pass,billing_party_id,int unsigned,YES,,
outbound_gate_pass,user_id,int unsigned,NO,MUL,
outbound_gate_pass,purpose,varchar(500),YES,,
outbound_gate_pass,transfer_amount,"decimal(12,2)",YES,,
outbound_gate_pass,reference_number,varchar(45),YES,,
outbound_gate_pass,status_code,varchar(45),NO,MUL,
outbound_gate_pass,created,datetime,NO,,
outbound_gate_pass,updated,timestamp,NO,,CURRENT_TIMESTAMP
outbound_gate_pass,invoice_id,int unsigned,YES,MUL,
outbound_gate_pass,return_invoice_id,int unsigned,YES,MUL,
outbound_gate_pass,gate_pass_order_id,int unsigned,YES,MUL,
outbound_gate_pass,short_closed_by_user_id,int unsigned,YES,MUL,
outbound_gate_pass_item,id,int unsigned,NO,PRI,
outbound_gate_pass_item,outbound_gate_pass_id,int unsigned,NO,MUL,
outbound_gate_pass_item,item_type_id,int unsigned,NO,MUL,
outbound_gate_pass_item,quantity,int unsigned,NO,,1
outbound_gate_pass_item,received_quantity,int unsigned,NO,,0
outbound_gate_pass_item,lost_quantity,int unsigned,NO,,0
outbound_gate_pass_item,item_id,int unsigned,YES,MUL,
outbound_gate_pass_item,inventory_type,"enum('GOOD_INVENTORY','BAD_INVENTORY','QC_REJECTED','LOST_IN_TRANSIT')",NO,,
outbound_gate_pass_item,status_code,varchar(45),NO,MUL,
outbound_gate_pass_item,shelf_id,int unsigned,NO,,
outbound_gate_pass_item,reason,varchar(100),YES,,
outbound_gate_pass_item,created,datetime,NO,,
outbound_gate_pass_item,updated,timestamp,NO,,CURRENT_TIMESTAMP
outbound_gate_pass_item,invoice_item_id,int unsigned,YES,,
outbound_gate_pass_item,return_invoice_item_id,int unsigned,YES,,
outbound_gate_pass_item,unit_price,"decimal(12,2)",YES,,
outbound_gate_pass_item,batch_id,int unsigned,YES,MUL,
outbound_gate_pass_item_removed,id,int unsigned,NO,PRI,
outbound_gate_pass_item_removed,outbound_gate_pass_id,int unsigned,NO,MUL,
outbound_gate_pass_item_removed,item_type_id,int unsigned,NO,MUL,
outbound_gate_pass_item_removed,quantity,int unsigned,NO,,1
outbound_gate_pass_item_removed,item_id,int unsigned,YES,MUL,
outbound_gate_pass_item_removed,inventory_type,"enum('GOOD_INVENTORY','BAD_INVENTORY','QC_REJECTED','LOST_IN_TRANSIT')",NO,,
outbound_gate_pass_item_removed,shelf_id,int unsigned,NO,,
outbound_gate_pass_item_removed,reason,varchar(100),YES,,
outbound_gate_pass_item_removed,created,datetime,NO,,
outbound_gate_pass_item_removed,unit_price,"decimal(12,2)",YES,,
outbound_gate_pass_item_removed,batch_id,int unsigned,YES,MUL,
outbound_gate_pass_item_removed,removal_timestamp,timestamp,NO,,CURRENT_TIMESTAMP
outbound_gate_pass_item_status,id,int unsigned,NO,PRI,
outbound_gate_pass_item_status,code,varchar(45),NO,UNI,
outbound_gate_pass_item_status,description,varchar(45),YES,,
outbound_gate_pass_rollback_invoice_audit,id,int unsigned,NO,PRI,
outbound_gate_pass_rollback_invoice_audit,outbound_gate_pass_id,int unsigned,NO,MUL,
outbound_gate_pass_rollback_invoice_audit,invoice_id,int unsigned,YES,MUL,
outbound_gate_pass_rollback_invoice_audit,return_invoice_id,int unsigned,YES,MUL,
outbound_gate_pass_rollback_invoice_audit,created,datetime,NO,,
outbound_gate_pass_status,id,int unsigned,NO,PRI,
outbound_gate_pass_status,code,varchar(45),NO,UNI,
outbound_gate_pass_status,description,varchar(45),YES,,
pack_group,id,int unsigned,NO,PRI,
pack_group,code,varchar(45),NO,MUL,
pack_group,facility_id,int unsigned,YES,MUL,
pack_group,user_id,int unsigned,YES,MUL,
pack_group,created,timestamp,NO,,CURRENT_TIMESTAMP
pack_group,updated,timestamp,NO,,CURRENT_TIMESTAMP
pack_group_item,id,int unsigned,NO,PRI,
pack_group_item,pack_group_id,int unsigned,NO,MUL,
pack_group_item,shipping_package_id,int unsigned,NO,UNI,
packing_access_pattern,id,int unsigned,NO,PRI,
packing_access_pattern,type,"enum('OLD','NEW')",NO,,
packing_access_pattern,api_endpoint,varchar(100),NO,UNI,
packing_access_pattern,packing_enabled,tinyint(1),YES,,0
packing_access_pattern,created,datetime,NO,,
packing_access_pattern,updated,timestamp,NO,,CURRENT_TIMESTAMP
packing_station,id,int unsigned,NO,PRI,
packing_station,code,varchar(255),NO,MUL,
packing_station,facility_id,int unsigned,NO,MUL,
packing_station,enabled,tinyint(1),YES,,1
packing_station,created,timestamp,NO,,CURRENT_TIMESTAMP
packing_station,updated,timestamp,NO,,CURRENT_TIMESTAMP
party,id,int unsigned,NO,PRI,
party,id_unique,varchar(256),NO,UNI,abcd
party,code,varchar(45),NO,MUL,
party,alternate_code,varchar(45),YES,MUL,
party,name,varchar(100),NO,,
party,enabled,tinyint(1),NO,,1
party,tax_exempted,tinyint(1),NO,,0
party,TCS_addition_enabled,"enum('NONE','TAX_EXCLUSIVE','TAX_INCLUSIVE')",YES,,NONE
party,pan,varchar(45),YES,,
party,tin,varchar(45),YES,,
party,cst_number,varchar(45),YES,,
party,cin_number,varchar(45),YES,,
party,st_number,varchar(45),YES,,
party,website,varchar(256),YES,,
party,logo_binary_object_id,int unsigned,YES,MUL,
party,current_invoice_number,int,NO,,0
party,invoice_series_expression,varchar(256),YES,,
party,facility_id,int unsigned,YES,MUL,
party,tenant_id,int unsigned,NO,MUL,
party,uniware_access_url,varchar(200),YES,,
party,uniware_api_user,varchar(45),YES,,
party,uniware_api_password,varchar(45),YES,,
party,registered_dealer,tinyint(1),NO,,0
party,created,datetime,NO,,
party,updated,timestamp,NO,,CURRENT_TIMESTAMP
party,gst_number,varchar(45),YES,,
party,signature_binary_object_id,int unsigned,YES,MUL,
party,digital_signature_id,int,YES,,
party,gst_einvoice_seller_credentials_id,int unsigned,YES,MUL,
party,bill_from_address_type,"enum('BILLING_ADDRESS','SHIPPING_ADDRESS')",YES,,SHIPPING_ADDRESS
party_address,id,int unsigned,NO,PRI,
party_address,party_id,int unsigned,NO,MUL,
party_address,party_address_type_id,int unsigned,NO,MUL,
party_address,address_line1,varchar(500),NO,,
party_address,address_line2,varchar(500),YES,,
party_address,city,varchar(100),NO,,
party_address,state_code,varchar(45),NO,,
party_address,country_code,varchar(2),NO,,IN
party_address,pincode,varchar(45),NO,,
party_address,latitude,varchar(100),YES,,
party_address,longitude,varchar(100),YES,,
party_address,phone,varchar(50),NO,,
party_address,enabled,tinyint(1),NO,,1
party_address,created,datetime,NO,,
party_address,updated,timestamp,NO,,CURRENT_TIMESTAMP
party_address,email,varchar(150),YES,,
party_address,gstin,varchar(15),YES,,
party_address_type,id,int unsigned,NO,PRI,
party_address_type,code,varchar(45),NO,MUL,
party_address_type,name,varchar(45),NO,,
party_address_type,tenant_id,int unsigned,YES,MUL,
party_address_type,created,datetime,NO,,
party_address_type,updated,timestamp,NO,,CURRENT_TIMESTAMP
party_contact,id,int unsigned,NO,PRI,
party_contact,party_id,int unsigned,NO,MUL,
party_contact,party_contact_type_id,int unsigned,NO,MUL,
party_contact,name,varchar(45),NO,,
party_contact,email,varchar(200),YES,,
party_contact,phone,varchar(45),YES,,
party_contact,fax,varchar(45),YES,,
party_contact,created,datetime,NO,,
party_contact,updated,timestamp,NO,,CURRENT_TIMESTAMP
party_contact_type,id,int unsigned,NO,PRI,
party_contact_type,code,varchar(45),NO,MUL,
party_contact_type,name,varchar(45),NO,,
party_contact_type,tenant_id,int unsigned,YES,MUL,
party_contact_type,created,datetime,NO,,
party_contact_type,updated,timestamp,NO,,CURRENT_TIMESTAMP
payment_detail,id,int unsigned,NO,PRI,
payment_detail,sale_order_id,int unsigned,NO,MUL,
payment_detail,transaction_id,varchar(45),YES,,
payment_detail,transaction_date,datetime,YES,,
payment_detail,amount_paid,"decimal(12,2)",YES,,
payment_detail,payment_mode,varchar(150),YES,,
payment_detail,transaction_note,text,YES,,
payment_detail,created,datetime,NO,,
payment_detail,updated,timestamp,NO,,CURRENT_TIMESTAMP
payment_detail,payment_vendor_name,varchar(150),YES,,
payment_method,id,int unsigned,NO,PRI,
payment_method,code,varchar(10),NO,UNI,
payment_method,name,varchar(45),NO,,
payment_method,enabled,tinyint(1),NO,,
payment_method,created,datetime,NO,,
payment_method,updated,timestamp,NO,,CURRENT_TIMESTAMP
payment_reconciliation,id,int unsigned,NO,PRI,
payment_reconciliation,tenant_id,int unsigned,NO,MUL,
payment_reconciliation,payment_method_id,int unsigned,NO,MUL,
payment_reconciliation,tolerance,"decimal(12,2) unsigned",NO,,
payment_reconciliation,enabled,tinyint(1),NO,,
payment_reconciliation,created,datetime,NO,,
payment_reconciliation,updated,timestamp,NO,,CURRENT_TIMESTAMP
pick_area,id,int unsigned,NO,PRI,
pick_area,facility_id,int unsigned,NO,MUL,
pick_area,name,varchar(45),NO,MUL,
pick_area,created,datetime,NO,,
pick_area,updated,timestamp,NO,,CURRENT_TIMESTAMP
pick_batch,id,int unsigned,NO,PRI,
pick_batch,status_code,varchar(45),NO,MUL,CREATED
pick_batch,picklist_id,int unsigned,NO,MUL,
pick_batch,pick_bucket_id,int unsigned,NO,MUL,
pick_batch,created,datetime,NO,,
pick_batch,updated,timestamp,NO,,CURRENT_TIMESTAMP
pick_batch,submitted_date,datetime(6),YES,,
pick_bucket,id,int unsigned,NO,PRI,
pick_bucket,code,varchar(45),YES,MUL,
pick_bucket,facility_id,int unsigned,NO,MUL,
pick_bucket,status_code,varchar(45),NO,MUL,AVAILABLE
pick_bucket,length,int unsigned,YES,,
pick_bucket,width,int unsigned,YES,,
pick_bucket,height,int unsigned,YES,,
pick_bucket,created,datetime,NO,,
pick_bucket,updated,timestamp,NO,,CURRENT_TIMESTAMP
pick_bucket_slot,id,int unsigned,NO,PRI,
pick_bucket_slot,picklist_id,int unsigned,NO,MUL,
pick_bucket_slot,slot_number,int,NO,,
pick_bucket_slot,shipping_package_id,int unsigned,NO,MUL,
pick_bucket_slot_item,id,int unsigned,NO,PRI,
pick_bucket_slot_item,pick_bucket_slot_id,int unsigned,NO,MUL,
pick_bucket_slot_item,sale_order_item_id,int unsigned,NO,MUL,
pick_bucket_slot_item,status_code,varchar(45),NO,MUL,
pick_bucket_slot_item,created,datetime,NO,MUL,
pick_bucket_slot_item,updated,timestamp,NO,MUL,CURRENT_TIMESTAMP
pick_bucket_slot_item_status,id,int unsigned,NO,PRI,
pick_bucket_slot_item_status,code,varchar(45),NO,UNI,
pick_bucket_slot_item_status,description,varchar(45),YES,,
pick_set,id,int unsigned,NO,PRI,
pick_set,facility_id,int unsigned,NO,MUL,
pick_set,pick_area_id,int unsigned,NO,,
pick_set,name,varchar(45),NO,MUL,
pick_set,type,varchar(20),NO,,STOCKING
pick_set,capacity,int,NO,,400
pick_set,active,tinyint(1),NO,MUL,
pick_set,editable,tinyint(1),NO,,1
pick_set,created,datetime,NO,,
pick_set,updated,timestamp,NO,,CURRENT_TIMESTAMP
picklist,id,int unsigned,NO,PRI,
picklist,facility_id,int unsigned,NO,MUL,
picklist,code,varchar(45),YES,MUL,
picklist,user_id,int unsigned,NO,MUL,
picklist,picker,int unsigned,YES,,
picklist,status_code,varchar(45),NO,MUL,CREATED
picklist,destination,"enum('INVOICING','STAGING','BUNDLING')",NO,MUL,
picklist,created,datetime,NO,,
picklist,updated,timestamp,NO,,CURRENT_TIMESTAMP
picklist,type,"enum('AUTO','MANUAL')",YES,,
picklist,pick_set_name,varchar(45),YES,,
picklist,pick_set_id,int unsigned,YES,MUL,
picklist,inprogress_package_code,varchar(45),YES,,
picklist,product_type,"enum('BOTH','SIMPLE','BUNDLE')",NO,,
picklist,start_picking,datetime,YES,,
picklist,complete_picking,datetime,YES,,
picklist,packing_station_id,int unsigned,YES,MUL,
picklist_detail,id,int unsigned,NO,PRI,
picklist_detail,picklist_code,varchar(45),NO,MUL,
picklist_detail,facility_id,int unsigned,NO,MUL,
picklist_detail,created_by,int unsigned,NO,MUL,
picklist_detail,picklist_type,"enum('SHIPPING_PACKAGE','GATEPASS','KITTING')",NO,MUL,
picklist_detail,status,"enum('CREATED','RECEIVING','CLOSED','PACKED')",NO,,CREATED
picklist_detail,created_at,timestamp,NO,,CURRENT_TIMESTAMP
picklist_detail,updated_at,timestamp,NO,,CURRENT_TIMESTAMP
picklist_detail,start_picking,datetime,YES,,
picklist_detail,complete_picking,datetime,YES,,
picklist_detail,packing_station_id,int unsigned,YES,MUL,
picklist_detail,invoice_generated_without_picklist,tinyint(1),NO,,0
picklist_detail,sku_type,"enum('SIMPLE','BUNDLE','BOTH')",NO,,SIMPLE
picklist_detail_metadata,id,int unsigned,NO,PRI,
picklist_detail_metadata,picklist_id,int unsigned,NO,MUL,
picklist_detail_metadata,type,"enum('SHIPPING_PACKAGE','GATEPASS','KITTING')",NO,,
picklist_detail_metadata,entity_id,int unsigned,NO,MUL,
picklist_detail_metadata,metadata,varchar(256),YES,,
picklist_detail_metadata,created_at,timestamp,NO,,CURRENT_TIMESTAMP
picklist_detail_metadata,updated_at,timestamp,NO,,CURRENT_TIMESTAMP
picklist_detail_metadata,short_picked,tinyint(1),YES,,
picklist_detail_shelf_mapping,id,int unsigned,NO,PRI,
picklist_detail_shelf_mapping,picklist_item_id,int unsigned,NO,MUL,
picklist_detail_shelf_mapping,shelf_id,int unsigned,NO,MUL,
picklist_detail_shelf_mapping,old_not_found_quantity,int unsigned,NO,,
picklist_detail_shelf_mapping,new_not_found_quantity,int unsigned,NO,,
picklist_detail_shelf_mapping,user_id,int unsigned,NO,MUL,
picklist_detail_shelf_mapping,created_at,timestamp,NO,,CURRENT_TIMESTAMP
picklist_detail_shelf_mapping,updated_at,timestamp,NO,,CURRENT_TIMESTAMP
picklist_item,id,int unsigned,NO,PRI,
picklist_item,picklist_id,int unsigned,NO,MUL,
picklist_item,pick_batch_id,int unsigned,YES,MUL,
picklist_item,item_code,varchar(100),YES,MUL,
picklist_item,status_code,varchar(45),NO,MUL,CREATED
picklist_item,sale_order_item_code,varchar(64),NO,MUL,
picklist_item,sale_order_code,varchar(45),NO,MUL,
picklist_item,shipping_package_code,varchar(45),NO,MUL,
picklist_item,shelf_code,varchar(45),YES,MUL,
picklist_item,staging_shelf_code,varchar(45),YES,,
picklist_item,qc_status_code,"enum('PENDING','ACCEPTED','REJECTED')",YES,,
picklist_item,quality_check_id,int unsigned,YES,MUL,
picklist_item,created,datetime,NO,,
picklist_item,updated,timestamp,NO,,CURRENT_TIMESTAMP
picklist_item,sku_code,varchar(50),NO,MUL,
picklist_item,scanned,tinyint(1),YES,,0
picklist_item,scanned_time,datetime,YES,,
picklist_item,item_type_inventory_id,int unsigned,YES,MUL,
picklist_item,original_ageing_date,date,YES,,
picklist_item,batch_code,varchar(255),YES,,
picklist_item,combination_identifier,varchar(45),YES,,
picklist_item_detail,id,int unsigned,NO,PRI,
picklist_item_detail,picklist_id,int unsigned,NO,MUL,
picklist_item_detail,item_type_id,int unsigned,NO,MUL,
picklist_item_detail,total_qty,int unsigned,NO,,
picklist_item_detail,scanned_qty,int unsigned,NO,,
picklist_item_detail,cancelled_qty,int unsigned,NO,,
picklist_item_detail,not_found_qty,int unsigned,NO,,
picklist_item_detail,batch_id,int unsigned,YES,MUL,
picklist_item_detail,shelf_id,int unsigned,YES,MUL,
picklist_item_detail,created_at,timestamp,NO,,CURRENT_TIMESTAMP
picklist_item_detail,updated_at,timestamp,NO,,CURRENT_TIMESTAMP
picklist_item_detail,putback_pending_qty,int unsigned,NO,,
picklist_item_detail,putback_accepted_qty,int unsigned,NO,,
picklist_item_detail,putback_complete_qty,int unsigned,NO,,
picklist_item_detail,picked_qty,int unsigned,NO,,0
picklist_item_detail,not_picked_qty,int unsigned,NO,,0
picklist_item_detail,pick_scanned_qty,int unsigned,NO,,0
picklist_item_detail,excess_quantity,int unsigned,NO,,0
picklist_item_detail,unpicked_excess_putback_qty,int unsigned,NO,,0
picklist_item_detail,putback_accepted_excess_qty,int unsigned,NO,,0
picklist_item_detail,putback_complete_excess_qty,int unsigned,NO,,0
picklist_item_detail_metadata,id,int unsigned,NO,PRI,
picklist_item_detail_metadata,picklist_item_id,int unsigned,NO,MUL,
picklist_item_detail_metadata,entity_item_id,int unsigned,NO,MUL,
picklist_item_detail_metadata,created_at,timestamp,NO,,CURRENT_TIMESTAMP
picklist_item_detail_metadata,updated_at,timestamp,NO,,CURRENT_TIMESTAMP
picklist_owner_detail,id,int unsigned,NO,PRI,
picklist_owner_detail,picklist_id,int unsigned,NO,MUL,
picklist_owner_detail,user_id,int unsigned,NO,MUL,
picklist_owner_detail,role,"enum('PICKER','PACKER')",NO,,
picklist_owner_detail,status,enum('CREATED'),NO,,
picklist_owner_detail,created_at,timestamp,NO,,CURRENT_TIMESTAMP
picklist_owner_detail,updated_at,timestamp,NO,,CURRENT_TIMESTAMP
picklist_picking_performance,id,int unsigned,NO,PRI,
picklist_picking_performance,picklist_id,int unsigned,NO,MUL,
picklist_picking_performance,picklist_type,"enum('B2B_PICKLIST','B2C_PICKLIST')",NO,MUL,
picklist_picking_performance,picker_id,int unsigned,NO,MUL,
picklist_picking_performance,event,"enum('START','RESUME','PAUSE','COMPLETE','HOURLY_SNAPSHOT')",NO,MUL,
picklist_picking_performance,event_timestamp,timestamp,NO,,CURRENT_TIMESTAMP
picklist_picking_performance,picked_qty,bigint unsigned,NO,,
picklist_shelf_mapping,id,int unsigned,NO,PRI,
picklist_shelf_mapping,picklist_id,int unsigned,NO,MUL,
picklist_shelf_mapping,shelf_id,int unsigned,NO,MUL,
picklist_shelf_mapping,sku_code,varchar(100),YES,,
picklist_shelf_mapping,quantity,int,YES,,
picklist_shelf_mapping,created,datetime,NO,,CURRENT_TIMESTAMP
picklist_shelf_mapping,updated,datetime,NO,,CURRENT_TIMESTAMP
picklist_shelf_mapping,scanned_quantity,int,YES,,
picklist_status,id,int unsigned,NO,PRI,
picklist_status,code,varchar(45),NO,UNI,
picklist_status,description,varchar(45),YES,,
pii_data_masking_rule_engine,id,int unsigned,NO,PRI,
pii_data_masking_rule_engine,tenant_id,int unsigned,NO,MUL,
pii_data_masking_rule_engine,user_id,int unsigned,NO,MUL,
pii_data_masking_rule_engine,masking_group,varchar(20),NO,,
pii_data_masking_rule_engine,masking_regex,varchar(45),NO,,
pii_data_masking_rule_engine,created,datetime,NO,,
pii_data_masking_rule_engine,updated,timestamp,NO,,CURRENT_TIMESTAMP
pool_item_type_inventory,id,int unsigned,NO,PRI,
pool_item_type_inventory,pool_id,int unsigned,NO,MUL,
pool_item_type_inventory,item_type_id,int unsigned,NO,MUL,
pool_item_type_inventory,facility_id,int unsigned,NO,MUL,
pool_item_type_inventory,available_inventory,int unsigned,NO,,0
pool_item_type_inventory,inventory_blocked,int unsigned,NO,,0
pool_item_type_inventory,version,int unsigned,NO,,0
pool_item_type_inventory,hash_value,varchar(255),YES,MUL,
pool_item_type_inventory,thread_id,varchar(255),YES,,
pool_item_type_inventory,planned_inventory,int unsigned,NO,,0
pool_item_type_inventory,reserved_inventory,int unsigned,NO,,0
pool_item_type_inventory,short_inventory,int unsigned,NO,,0
pool_item_type_inventory,utilised_inventory,int unsigned,NO,,0
pool_item_type_inventory,disabled,tinyint(1),YES,,1
pool_item_type_inventory,created,timestamp,NO,,CURRENT_TIMESTAMP
pool_item_type_inventory,updated,timestamp,NO,,CURRENT_TIMESTAMP
pool_reservation_map,id,int unsigned,NO,PRI,
pool_reservation_map,pool_id,int unsigned,NO,MUL,
pool_reservation_map,channel_id,int unsigned,YES,MUL,
pool_reservation_map,party_id,int unsigned,YES,MUL,
pool_reservation_map,order_code,varchar(45),YES,,
pool_reservation_map,created,timestamp,NO,,CURRENT_TIMESTAMP
pool_reservation_map,disabled,tinyint(1),YES,,0
pool_reservation_map,updated,timestamp,NO,,CURRENT_TIMESTAMP
pre_allocated_shipping_provider,id,int,NO,PRI,
pre_allocated_shipping_provider,shipping_package_id,int,NO,UNI,
pre_allocated_shipping_provider,shipping_provider_code,varchar(45),YES,MUL,
pre_allocated_shipping_provider,shipping_provider_name,varchar(200),YES,,
pre_allocated_shipping_provider,shipping_courier,varchar(45),YES,MUL,
pre_allocated_shipping_provider,tracking_number,varchar(100),YES,MUL,
pre_allocated_shipping_provider,tracking_link,varchar(500),YES,,
pre_allocated_shipping_provider,shipping_label_link,varchar(500),YES,,
pre_allocated_shipping_provider,shipment_label_format,varchar(45),YES,,
pre_allocated_shipping_provider,shipping_manager,varchar(45),YES,,
pre_allocated_shipping_provider,allocated_by,int,YES,,
pre_allocated_shipping_provider,label_requested,tinyint(1),NO,,0
pre_allocated_shipping_provider,additional_info,varchar(1000),YES,,
pre_allocated_shipping_provider,carrier_pickup_time,timestamp,YES,,
pre_allocated_shipping_provider,invoice_code,varchar(45),YES,MUL,
pre_allocated_shipping_provider,invoice_created_date,timestamp,YES,,
pre_allocated_shipping_provider,created,timestamp,NO,MUL,CURRENT_TIMESTAMP
pre_allocated_shipping_provider,updated,timestamp,NO,MUL,CURRENT_TIMESTAMP
pre_allocated_shipping_provider,status,varchar(32),YES,,
pre_allocated_shipping_provider,expected_delivery_date,datetime,YES,,
prefetch_shipping_package_status,id,int unsigned,NO,PRI,
prefetch_shipping_package_status,tenant_id,int unsigned,NO,MUL,
prefetch_shipping_package_status,shipping_package_id,int unsigned,NO,MUL,
prefetch_shipping_package_status,channel_id,int unsigned,NO,MUL,
prefetch_shipping_package_status,facility_id,int unsigned,NO,MUL,
prefetch_shipping_package_status,source_code,varchar(255),NO,,
prefetch_shipping_package_status,status_code,varchar(255),NO,,
prefetch_shipping_package_status,time_to_prefetch,datetime,NO,,
prefetch_shipping_package_status,channel_processing_time,datetime,NO,,
prefetch_shipping_package_status,prefetched_for_shipping_package_status,varchar(255),NO,,
prefetch_shipping_package_status,checksum,varchar(255),YES,,
prefetch_shipping_package_status,created,datetime,NO,,
prefetch_shipping_package_status,updated,timestamp,NO,,CURRENT_TIMESTAMP
prefetch_shipping_package_status,shipping_package_code,varchar(45),NO,,
prefetch_shipping_package_status,channel_code,varchar(45),NO,,
prefetch_shipping_package_status,facility_code,varchar(45),NO,,
prefetch_shipping_package_status,prefetch_completion_time,datetime,YES,,
prefetch_shipping_package_status,failure_ct,int,YES,,0
prefetch_shipping_package_status,first_hit_time,datetime,YES,,
print_template_preference,id,int unsigned,NO,PRI,
print_template_preference,tenant_id,int unsigned,NO,MUL,
print_template_preference,facility_id,int unsigned,NO,,
print_template_preference,type,varchar(50),NO,,
print_template_preference,name,varchar(50),NO,,
print_template_preference,code,varchar(100),NO,,
print_template_preference,level,varchar(20),YES,,
print_template_preference,created,datetime,NO,,
print_template_preference,updated,timestamp,NO,,CURRENT_TIMESTAMP
product,id,int unsigned,NO,PRI,
product,code,varchar(45),NO,UNI,
product,name,varchar(45),NO,UNI,
product,created,datetime,NO,,
product,updated,timestamp,NO,,CURRENT_TIMESTAMP
product_access_resource,id,int unsigned,NO,PRI,
product_access_resource,product_code,varchar(45),NO,MUL,
product_access_resource,access_resource_name,varchar(100),NO,MUL,
product_access_resource,enabled,tinyint(1),NO,,0
product_access_resource,created,datetime,NO,,
product_access_resource,updated,timestamp,NO,,CURRENT_TIMESTAMP
product_feature,id,int unsigned,NO,PRI,
product_feature,product_code,varchar(45),NO,MUL,
product_feature,feature_code,varchar(45),NO,MUL,
product_feature,created,datetime,NO,,
product_feature,updated,timestamp,NO,,CURRENT_TIMESTAMP
product_role,id,int unsigned,NO,PRI,
product_role,product_code,varchar(45),NO,MUL,
product_role,role_code,varchar(30),NO,,
product_role,created,datetime,NO,,
product_role,updated,timestamp,NO,,CURRENT_TIMESTAMP
product_source,id,int unsigned,NO,PRI,
product_source,product_code,varchar(45),NO,MUL,
product_source,source_code,varchar(45),NO,MUL,
product_source,created,datetime,NO,,
product_source,updated,timestamp,NO,,CURRENT_TIMESTAMP
purchase_cart,id,int unsigned,NO,PRI,
purchase_cart,facility_id,int unsigned,NO,MUL,
purchase_cart,user_id,int unsigned,NO,MUL,
purchase_cart,created,datetime,NO,,
purchase_cart,updated,timestamp,NO,,CURRENT_TIMESTAMP
purchase_cart_item,id,int unsigned,NO,PRI,
purchase_cart_item,purchase_cart_id,int unsigned,NO,MUL,
purchase_cart_item,vendor_id,int unsigned,NO,MUL,
purchase_cart_item,item_type_id,int unsigned,NO,MUL,
purchase_cart_item,quantity,int unsigned,NO,,
purchase_cart_item,unit_price,"decimal(12,2) unsigned",NO,,
purchase_cart_item,created,datetime,NO,,
purchase_cart_item,updated,timestamp,NO,,CURRENT_TIMESTAMP
purchase_order,id,int unsigned,NO,PRI,
purchase_order,facility_id,int unsigned,NO,MUL,
purchase_order,code,varchar(45),YES,MUL,
purchase_order,type,varchar(45),NO,,
purchase_order,vendor_id,int unsigned,NO,MUL,
purchase_order,from_party_id,int unsigned,NO,MUL,
purchase_order,vendor_agreement_id,int unsigned,YES,MUL,
purchase_order,estimated_delivery_time,datetime,YES,,
purchase_order,status_code,varchar(45),NO,MUL,
purchase_order,user_id,int unsigned,NO,MUL,
purchase_order,last_updated_by,int unsigned,NO,MUL,
purchase_order,approve_time,datetime,YES,,
purchase_order,expiry_date,date,YES,,
purchase_order,delivery_date,date,YES,,
purchase_order,logistic_charges,"decimal(12,2) unsigned",NO,,
purchase_order,logistic_charges_division_method,"enum('EQUALLY','QUANTITY','ROW_TOTAL')",YES,,
purchase_order,TCS_amount,"decimal(12,4)",NO,,0.0000
purchase_order,cform_accepted,tinyint(1),NO,,0
purchase_order,tax_exempted,tinyint(1),NO,,0
purchase_order,amended_purchase_order_id,int unsigned,YES,MUL,
purchase_order,currency_code,varchar(45),NO,,
purchase_order,currency_conversion_rate,"decimal(12,5) unsigned",NO,,1.00000
purchase_order,created,datetime,NO,,
purchase_order,updated,timestamp,NO,,CURRENT_TIMESTAMP
purchase_order,rejection_reason,varchar(256),YES,,
purchase_order,tolerance_percentage,int unsigned,NO,,0
purchase_order_approval_audit,id,int unsigned,NO,PRI,
purchase_order_approval_audit,purchase_order_id,int unsigned,NO,MUL,
purchase_order_approval_audit,code,varchar(45),YES,,
purchase_order_approval_audit,status,varchar(45),NO,,
purchase_order_approval_audit,user_id,int unsigned,NO,MUL,
purchase_order_approval_audit,level,varchar(45),NO,,
purchase_order_approval_audit,created,datetime,NO,,
purchase_order_approval_audit,updated,timestamp,NO,,CURRENT_TIMESTAMP
purchase_order_item,id,int unsigned,NO,PRI,
purchase_order_item,purchase_order_id,int unsigned,NO,MUL,
purchase_order_item,item_type_id,int unsigned,NO,MUL,
purchase_order_item,quantity,int unsigned,NO,,1
purchase_order_item,received_quantity,int unsigned,NO,,
purchase_order_item,rejected_quantity,int unsigned,NO,,0
purchase_order_item,qc_rejected_inward_qty,int unsigned,NO,,0
purchase_order_item,tolerance_inward_qty,int unsigned,NO,,0
purchase_order_item,cancelled_quantity,int unsigned,NO,,0
purchase_order_item,putaway_quantity,int,NO,,0
purchase_order_item,vendor_sku_code,varchar(100),NO,,
purchase_order_item,max_retail_price,"decimal(12,2)",NO,,
purchase_order_item,unit_price,"decimal(12,2) unsigned",NO,,
purchase_order_item,discount,"decimal(12,2)",NO,,
purchase_order_item,subtotal,"decimal(12,2) unsigned",NO,,
purchase_order_item,vat,"decimal(12,2) unsigned",NO,,
purchase_order_item,cst,"decimal(12,2) unsigned",NO,,
purchase_order_item,additional_tax_percentage,"decimal(6,3)",NO,,
purchase_order_item,additional_tax,"decimal(12,2)",NO,,0.00
purchase_order_item,tax_type_code,varchar(45),NO,,
purchase_order_item,tax_percentage,"decimal(12,2) unsigned",NO,,
purchase_order_item,logistic_charges,"decimal(12,2) unsigned",NO,,
purchase_order_item,total,"decimal(12,2) unsigned",NO,,
purchase_order_item,created,datetime,NO,,CURRENT_TIMESTAMP
purchase_order_item,updated,timestamp,NO,,CURRENT_TIMESTAMP
purchase_order_item,central_gst,"decimal(12,2)",NO,,
purchase_order_item,state_gst,"decimal(12,2)",NO,,
purchase_order_item,union_territory_gst,"decimal(12,2)",NO,,
purchase_order_item,integrated_gst,"decimal(12,2)",NO,,
purchase_order_item,compensation_cess,"decimal(12,2)",NO,,
purchase_order_item,central_gst_percentage,"decimal(6,3)",NO,,
purchase_order_item,state_gst_percentage,"decimal(6,3)",NO,,
purchase_order_item,union_territory_gst_percentage,"decimal(6,3)",NO,,
purchase_order_item,integrated_gst_percentage,"decimal(6,3)",NO,,
purchase_order_item,compensation_cess_percentage,"decimal(6,3)",NO,,
purchase_order_status,id,int unsigned,NO,PRI,
purchase_order_status,code,varchar(45),NO,UNI,
purchase_order_status,description,varchar(45),YES,,
putaway,id,int unsigned,NO,PRI,
putaway,facility_id,int unsigned,NO,MUL,
putaway,code,varchar(45),YES,MUL,
putaway,type,"enum('PUTAWAY_GRN_ITEM','PUTAWAY_REVERSE_PICKUP_ITEM','PUTAWAY_GATEPASS_ITEM','PUTAWAY_INSPECTED_NOT_BAD_ITEM','PUTAWAY_INSPECTED_NOT_GOOD_ITEM','PUTAWAY_CANCELLED_ITEM','PUTAWAY_RECEIVED_RETURNS','PUTAWAY_BILL_OF_MATERIALS_ITEM','PUTAWAY_COURIER_RETURNED_ITEMS','PUTAWAY_SHELF_TRANSFER','PUTAWAY_PICKLIST_ITEM','PUTAWAY_RETURNS','PUTAWAY_HU_ITEM')",YES,,
putaway,user_id,int unsigned,NO,MUL,
putaway,status_code,varchar(45),NO,MUL,
putaway,created,datetime,NO,MUL,
putaway,updated,timestamp,NO,,CURRENT_TIMESTAMP
putaway,handheld_scan_time,datetime,YES,,
putaway,list_creation_time,datetime,YES,,
putaway,handheld_scanned_by,varchar(100),YES,,
putaway,list_created_by,varchar(100),YES,,
putaway,return_category,"enum('ALL','RTO','CIR','B2B','B2C','KITTING')",YES,,
putaway,assign_user_id,int unsigned,YES,MUL,
putaway,putshelf_start_time,datetime,YES,,
putaway_activity_performance,id,int unsigned,NO,PRI,
putaway_activity_performance,putaway_id,int unsigned,NO,MUL,
putaway_activity_performance,user_id,int unsigned,NO,,
putaway_activity_performance,event,"enum('START','RESUME','PAUSE','COMPLETE','HOURLY_SNAPSHOT')",NO,,
putaway_activity_performance,event_timestamp,datetime,NO,,
putaway_activity_performance,putaway_qty,int unsigned,NO,,0
putaway_entity_mapping,id,int unsigned,NO,PRI,
putaway_entity_mapping,putaway_id,int unsigned,NO,MUL,
putaway_entity_mapping,outbound_gate_pass_id,int unsigned,YES,MUL,
putaway_entity_mapping,inflow_receipt_id,int unsigned,YES,MUL,
putaway_entity_mapping,created,timestamp,NO,,CURRENT_TIMESTAMP
putaway_entity_mapping,updated,timestamp,NO,,CURRENT_TIMESTAMP
putaway_inflow_receipt_item_mapping,id,int unsigned,NO,PRI,
putaway_inflow_receipt_item_mapping,inflow_receipt_item_id,int unsigned,NO,MUL,
putaway_inflow_receipt_item_mapping,inventory_type,"enum('GOOD_INVENTORY','QC_REJECTED')",NO,MUL,
putaway_inflow_receipt_item_mapping,quantity,int unsigned,YES,,0
putaway_item,id,int unsigned,NO,PRI,
putaway_item,putaway_id,int unsigned,NO,MUL,
putaway_item,item_type_id,int unsigned,NO,MUL,
putaway_item,shelf_id,int unsigned,YES,MUL,
putaway_item,type,"enum('GOOD_INVENTORY','BAD_INVENTORY','QC_REJECTED')",NO,,GOOD_INVENTORY
putaway_item,ageing_start_date,date,NO,,
putaway_item,quantity,int unsigned,NO,,
putaway_item,putaway_quantity,int,NO,,0
putaway_item,status_code,varchar(45),NO,MUL,
putaway_item,completed_by,int unsigned,YES,MUL,
putaway_item,created,datetime,NO,,
putaway_item,updated,timestamp,NO,,CURRENT_TIMESTAMP
putaway_item,batch_id,int unsigned,YES,MUL,
putaway_item,putaway_qc_comment,varchar(500),YES,,
putaway_item,quality_check_id,int unsigned,YES,,
putaway_item_status,id,int unsigned,NO,PRI,
putaway_item_status,code,varchar(45),NO,UNI,
putaway_item_status,description,varchar(45),YES,,
putaway_parent_mapping,id,int unsigned,NO,PRI,
putaway_parent_mapping,type,varchar(45),NO,,
putaway_parent_mapping,putaway_id,int unsigned,NO,MUL,
putaway_parent_mapping,parent_id,int unsigned,NO,MUL,
putaway_parent_mapping,quantity,int unsigned,YES,,0
putaway_parent_mapping,qc_rejected_quantity,int unsigned,YES,,0
putaway_parent_mapping,created,datetime,NO,,
putaway_parent_mapping,updated,timestamp,NO,,CURRENT_TIMESTAMP
putaway_return_mapping,id,int unsigned,NO,PRI,
putaway_return_mapping,putaway_id,int unsigned,NO,MUL,
putaway_return_mapping,shipping_package_id,int unsigned,YES,MUL,
putaway_return_mapping,reverse_pickup_id,int unsigned,YES,MUL,
putaway_return_mapping,created,timestamp,YES,,CURRENT_TIMESTAMP
putaway_return_mapping,updated,timestamp,YES,,CURRENT_TIMESTAMP
putaway_status,id,int unsigned,NO,PRI,
putaway_status,code,varchar(45),NO,UNI,
putaway_status,description,varchar(45),YES,,
putaway_template_mapping,id,int unsigned,NO,PRI,
putaway_template_mapping,putaway_type,varchar(45),NO,MUL,
putaway_template_mapping,action,varchar(20),NO,,
putaway_template_mapping,batching_enabled,tinyint(1),YES,,
putaway_template_mapping,traceability,varchar(20),YES,,
putaway_template_mapping,template_name,varchar(45),NO,,
putaway_work_order_item_mapping,id,int unsigned,NO,PRI,
putaway_work_order_item_mapping,work_order_item_id,int unsigned,NO,MUL,
putaway_work_order_item_mapping,inventory_type,"enum('GOOD_INVENTORY','BAD_INVENTORY')",NO,MUL,
putaway_work_order_item_mapping,quantity,int unsigned,YES,,0
qr_identification,id,int unsigned,NO,PRI,
qr_identification,facility_id,int unsigned,NO,MUL,
qr_identification,item_type_id,int unsigned,NO,MUL,
qr_identification,batch_id,int unsigned,YES,MUL,
qr_identification,item_id,int unsigned,YES,MUL,
qr_identification,sku_code,varchar(45),NO,,
qr_identification,qr_code,varchar(255),NO,MUL,
qr_identification,qr_code_length,int unsigned,NO,,
qr_identification,created,timestamp,NO,,CURRENT_TIMESTAMP
qr_identification,updated,timestamp,NO,,CURRENT_TIMESTAMP
quality_check,id,int unsigned,NO,PRI,
quality_check,status_code,"enum('PENDING','ACCEPTED','REJECTED')",NO,,
quality_check,custom_rejection_reason,varchar(255),YES,,
quality_check,created,datetime,NO,,
quality_check,updated,timestamp,NO,,CURRENT_TIMESTAMP
quality_check_rejection_reason_mapping,quality_check_id,int unsigned,NO,MUL,
quality_check_rejection_reason_mapping,rejection_reason_id,int unsigned,NO,MUL,
quick_dispatch_group,id,int unsigned,NO,PRI,
quick_dispatch_group,code,varchar(45),NO,MUL,
quick_dispatch_group,status_code,varchar(45),NO,,
quick_dispatch_group,facility_id,int unsigned,YES,MUL,
quick_dispatch_group,user_id,int unsigned,YES,MUL,
quick_dispatch_group,is_unified_dispatch,tinyint(1),NO,MUL,0
quick_dispatch_group,last_activity_time,timestamp,YES,,
quick_dispatch_group,created,timestamp,NO,,CURRENT_TIMESTAMP
quick_dispatch_group,updated,timestamp,NO,,CURRENT_TIMESTAMP
quick_dispatch_group_channel_mapping,id,int unsigned,NO,PRI,
quick_dispatch_group_channel_mapping,quick_dispatch_group_id,int unsigned,NO,MUL,
quick_dispatch_group_channel_mapping,channel_id,int unsigned,NO,MUL,
quick_dispatch_group_channel_mapping,channel_code,varchar(128),NO,MUL,
quick_dispatch_group_channel_mapping,channel_name,varchar(128),YES,,
quick_dispatch_group_channel_mapping,channel_source_code,varchar(128),YES,,
quick_dispatch_group_channel_mapping,created,timestamp,NO,,CURRENT_TIMESTAMP
quick_dispatch_group_channel_mapping,updated,timestamp,NO,,CURRENT_TIMESTAMP
quick_dispatch_group_courier_mapping,id,int unsigned,NO,PRI,
quick_dispatch_group_courier_mapping,quick_dispatch_group_id,int unsigned,NO,MUL,
quick_dispatch_group_courier_mapping,shipping_provider_id,int unsigned,YES,MUL,
quick_dispatch_group_courier_mapping,shipping_provider_code,varchar(128),NO,MUL,
quick_dispatch_group_courier_mapping,shipping_provider_name,varchar(128),YES,,
quick_dispatch_group_courier_mapping,shipping_courier,varchar(128),YES,,
quick_dispatch_group_courier_mapping,shipping_provider_source_code,varchar(128),YES,,
quick_dispatch_group_courier_mapping,created,timestamp,NO,,CURRENT_TIMESTAMP
quick_dispatch_group_courier_mapping,updated,timestamp,NO,,CURRENT_TIMESTAMP
quick_dispatch_shipping_package,id,int unsigned,NO,PRI,
quick_dispatch_shipping_package,quick_dispatch_group_id,int unsigned,NO,MUL,
quick_dispatch_shipping_package,shipping_package_id,int unsigned,NO,MUL,
quick_dispatch_shipping_package,status_code,varchar(45),NO,,
quick_dispatch_shipping_package,parent_awb_scanned,tinyint(1),NO,,0
quick_dispatch_shipping_package,message,varchar(250),YES,,
quick_dispatch_shipping_package,created,timestamp,NO,,CURRENT_TIMESTAMP
quick_dispatch_shipping_package,updated,timestamp,NO,,CURRENT_TIMESTAMP
rejection_reason,id,int unsigned,NO,PRI,
rejection_reason,tenant_id,int unsigned,NO,MUL,
rejection_reason,group_name,"enum('PICKLIST','PUTAWAY','ALL')",NO,,
rejection_reason,text,varchar(255),YES,,
rejection_reason,hidden,tinyint(1),NO,,0
rejection_reason,created,timestamp,NO,,CURRENT_TIMESTAMP
rejection_reason,updated,timestamp,NO,,CURRENT_TIMESTAMP
rejection_reason,reason_type,"enum('STANDARD','CUSTOM')",NO,,STANDARD
rejection_reason,refurbishable,"enum('YES','NO','NA')",NO,,NA
rejection_reason,claim_eligibility,"enum('YES','NO','NA')",NO,,NA
rejection_reason,grade,"enum('A','B','C')",YES,,
rejection_reason,created_by,varchar(255),YES,,
release_version,id,int unsigned,NO,PRI,
release_version,major_version,int unsigned,YES,,
release_version,minor_version,varchar(8),YES,,
release_version,created,datetime,NO,,
release_version,updated,timestamp,NO,,CURRENT_TIMESTAMP
reorder_config,id,int unsigned,NO,PRI,
reorder_config,facility_id,int unsigned,NO,MUL,
reorder_config,item_type_id,int unsigned,NO,MUL,
reorder_config,min_reorder_quantity,int unsigned,NO,,1
reorder_config,max_reorder_quantity,int unsigned,NO,,1
reorder_config,reorder_quantity,int unsigned,YES,,1
reorder_config,reorder_threshold,int unsigned,NO,,1
reorder_config,enabled,tinyint(1),NO,,1
reorder_config,created,datetime,NO,,
reorder_config,updated,timestamp,NO,,CURRENT_TIMESTAMP
reserved_pool_snapshot,id,int unsigned,NO,PRI,
reserved_pool_snapshot,item_type_id,int unsigned,NO,MUL,
reserved_pool_snapshot,facility_id,int unsigned,NO,MUL,
reserved_pool_snapshot,current_reserved,int unsigned,NO,,0
reserved_pool_snapshot,item_type_inventory_snapshot_id,int unsigned,NO,MUL,0
reserved_pool_snapshot,thread_id,varchar(255),YES,,
reserved_pool_snapshot,version,int unsigned,NO,,0
reserved_pool_snapshot,created,timestamp,NO,,CURRENT_TIMESTAMP
reserved_pool_snapshot,updated,timestamp,NO,,CURRENT_TIMESTAMP
reshipment,id,int unsigned,NO,PRI,
reshipment,facility_id,int unsigned,NO,MUL,
reshipment,code,varchar(45),YES,MUL,
reshipment,sale_order_id,int unsigned,NO,MUL,
reshipment,shipping_address_id,int unsigned,NO,MUL,
reshipment,reshipment_sale_order_id,int unsigned,YES,MUL,
reshipment,action_code,varchar(45),NO,MUL,
reshipment,status_code,varchar(45),NO,MUL,
reshipment,created,datetime,NO,,
reshipment,updated,timestamp,NO,,CURRENT_TIMESTAMP
reshipment_action,id,int unsigned,NO,PRI,
reshipment_action,code,varchar(45),NO,UNI,
reshipment_action,description,varchar(45),YES,,
reshipment_status,id,int unsigned,NO,PRI,
reshipment_status,code,varchar(45),NO,UNI,
reshipment_status,description,varchar(45),YES,,
return_item,id,int unsigned,NO,PRI,
return_item,tenant_id,int unsigned,NO,MUL,
return_item,sale_order_item_id,int unsigned,NO,UNI,
return_item,sale_order_id,int unsigned,NO,,
return_item,shipping_package_id,int unsigned,NO,,
return_item,reverse_pickup_id,int unsigned,YES,,
return_item,courier_return_id,int unsigned,YES,,
return_item,return_invoice_item_id,int unsigned,YES,MUL,
return_item,return_invoice_creation_time,timestamp,YES,,
return_item,channel_code,varchar(128),YES,,
return_item,putaway_code,varchar(45),YES,,
return_item,return_facility_code,varchar(45),YES,,
return_item,created,timestamp,NO,,CURRENT_TIMESTAMP
return_item,updated,timestamp,NO,,CURRENT_TIMESTAMP
return_manifest,id,int unsigned,NO,PRI,
return_manifest,facility_id,int unsigned,NO,MUL,
return_manifest,code,varchar(45),YES,MUL,
return_manifest,shipping_provider_code,varchar(128),NO,,
return_manifest,shipping_provider_name,varchar(128),NO,,
return_manifest,user_id,int unsigned,NO,MUL,
return_manifest,status_code,varchar(45),NO,MUL,
return_manifest,created,datetime,NO,,
return_manifest,closed,datetime,YES,,
return_manifest,updated,timestamp,NO,,CURRENT_TIMESTAMP
return_manifest_item,id,int unsigned,NO,PRI,
return_manifest_item,return_manifest_id,int unsigned,NO,MUL,
return_manifest_item,shipping_package_id,int unsigned,YES,MUL,
return_manifest_item,return_invoice_id,int unsigned,YES,MUL,
return_manifest_item,return_reason,varchar(100),YES,,
return_manifest_item,last_shipping_package_status_code,varchar(45),YES,,DISPATCHED
return_manifest_item,created,datetime,NO,,
return_manifest_item,updated,timestamp,NO,,CURRENT_TIMESTAMP
return_manifest_item,reverse_pickup_id,int unsigned,YES,MUL,
return_manifest_status,id,int unsigned,NO,PRI,
return_manifest_status,code,varchar(45),NO,UNI,
return_manifest_status,description,varchar(45),YES,,
return_ofd_details,id,int unsigned,NO,PRI,
return_ofd_details,tenant_id,int unsigned,NO,MUL,
return_ofd_details,source_code,varchar(45),NO,,
return_ofd_details,sale_order_item_id,int unsigned,YES,MUL,
return_ofd_details,courier_return_id,int unsigned,YES,MUL,
return_ofd_details,reverse_pickup_id,int unsigned,YES,MUL,
return_ofd_details,channel_order_code,varchar(45),YES,,
return_ofd_details,channel_item_code,varchar(45),NO,,
return_ofd_details,sku,varchar(128),YES,,
return_ofd_details,reconciliation_identifier,varchar(255),NO,,
return_ofd_details,tracking_number,varchar(45),NO,,
return_ofd_details,quantity,int,YES,,
return_ofd_details,ofd_date,date,NO,,
return_ofd_details,return_promised_date,datetime,YES,,
return_ofd_details,delivery_proof_time,datetime,YES,,
return_ofd_details,shipping_provider_code,varchar(45),YES,,
return_ofd_details,return_reason,varchar(255),YES,,
return_ofd_details,return_type,varchar(20),YES,,
return_ofd_details,return_created_time,datetime,YES,,
return_ofd_details,creation_status,varchar(20),YES,,
return_ofd_details,creation_attempts,int,YES,,
return_ofd_details,creation_error,varchar(255),YES,,
return_ofd_details,creation_attempted_at,datetime,YES,,
return_ofd_details,created_at,timestamp,NO,,CURRENT_TIMESTAMP
return_ofd_details,updated_at,timestamp,NO,,CURRENT_TIMESTAMP
return_shipment_metadata,id,int unsigned,NO,PRI,
return_shipment_metadata,tracking_number,varchar(45),YES,MUL,
return_shipment_metadata,return_manifest_id,int unsigned,NO,MUL,
return_shipment_metadata,shipping_package_id,int unsigned,YES,MUL,
return_shipment_metadata,sale_order_id,int unsigned,YES,MUL,
return_shipment_metadata,reverse_pickup_id,int unsigned,YES,MUL,
return_shipment_metadata,return_type,"enum('CIR','RTO','UNIDENTIFIED')",NO,,
return_shipment_metadata,receiving_time,timestamp,NO,,CURRENT_TIMESTAMP
return_shipment_metadata,removal_time,timestamp,YES,,
return_shipment_metadata,identification_time,timestamp,YES,,
return_shipment_metadata,return_manifest_item_id,int unsigned,YES,MUL,
return_shipment_metadata,channel_id,int unsigned,YES,,
return_soi_status_sync,id,int unsigned,NO,PRI,
return_soi_status_sync,tenant_id,int unsigned,NO,MUL,
return_soi_status_sync,sale_order_item_id,int unsigned,NO,MUL,
return_soi_status_sync,retry_count,int unsigned,NO,,0
return_soi_status_sync,created_at,datetime,NO,,
return_soi_status_sync,updated_at,datetime,NO,,
return_status_tracker,id,int unsigned,NO,PRI,
return_status_tracker,sale_order_code,varchar(45),YES,,
return_status_tracker,return_created_date,datetime,YES,,
return_status_tracker,return_type,varchar(45),YES,,
return_status_tracker,forward_tracking_number,varchar(45),YES,,
return_status_tracker,return_tracking_number,varchar(45),YES,,
return_status_tracker,provider_status_code,varchar(45),YES,,
return_status_tracker,shipment_tracking_status_code,varchar(45),YES,,
return_status_tracker,shipping_package_id,int unsigned,YES,MUL,
return_status_tracker,tenant_id,int unsigned,YES,MUL,
return_status_tracker,channel_id,int unsigned,YES,MUL,
return_status_tracker,facility_id,int unsigned,YES,MUL,
return_status_tracker,courier_return_id,int unsigned,YES,MUL,
return_status_tracker,reverse_pickup_id,int unsigned,YES,MUL,
return_status_tracker,return_reason,varchar(500),YES,,
return_status_tracker,shipping_package_status,varchar(45),YES,,
return_status_tracker,courier_return_status_code,varchar(45),YES,,
return_status_tracker,reverse_pickup_status_code,varchar(45),YES,,
return_status_tracker,acknowledged,tinyint(1),YES,,0
return_status_tracker,created,timestamp,NO,,CURRENT_TIMESTAMP
return_status_tracker,updated,timestamp,NO,,CURRENT_TIMESTAMP
return_status_tracker,retry_count,int,YES,,0
return_status_tracker,failure_reason,varchar(500),YES,,
reverse_pickup,id,int unsigned,NO,PRI,
reverse_pickup,facility_id,int unsigned,NO,MUL,
reverse_pickup,code,varchar(45),YES,MUL,
reverse_pickup,sale_order_id,int unsigned,NO,MUL,
reverse_pickup,shipping_address_id,int unsigned,YES,MUL,
reverse_pickup,pickup_address_id,int unsigned,YES,MUL,
reverse_pickup,putaway_id,int unsigned,YES,MUL,
reverse_pickup,replacement_sale_order_id,int unsigned,YES,MUL,
reverse_pickup,status_code,varchar(45),NO,MUL,
reverse_pickup,action_code,varchar(45),NO,MUL,
reverse_pickup,shipment_tracking_id,int unsigned,YES,MUL,
reverse_pickup,redispatch_tracking_number,varchar(45),YES,,
reverse_pickup,redispatch_shipping_provider_id,int unsigned,YES,MUL,
reverse_pickup,redispatch_manifest_code,varchar(45),YES,,
reverse_pickup,redispatch_reason,varchar(255),YES,,
reverse_pickup,return_invoice_id,int unsigned,YES,MUL,
reverse_pickup,delivery_challan_id,int unsigned,YES,UNI,
reverse_pickup,cancellation_reason,text,YES,,
reverse_pickup,shipping_method_id,int unsigned,NO,MUL,
reverse_pickup,pickup_instruction,varchar(255),YES,,
reverse_pickup,shipping_manager,varchar(16),NO,,UNIWARE
reverse_pickup,box_height,int unsigned,YES,,10
reverse_pickup,box_width,int unsigned,YES,,10
reverse_pickup,box_length,int unsigned,YES,,10
reverse_pickup,box_weight,"decimal(12,2)",YES,,
reverse_pickup,last_dispute_reason,varchar(255),YES,,
reverse_pickup,created,datetime,NO,MUL,
reverse_pickup,updated,timestamp,NO,,CURRENT_TIMESTAMP
reverse_pickup,display_code,varchar(45),YES,,
reverse_pickup,provider_status_code,varchar(45),YES,,
reverse_pickup,shipment_tracking_status_code,varchar(45),YES,,
reverse_pickup,tracking_number,varchar(45),YES,,
reverse_pickup,tracking_link,varchar(512),YES,,
reverse_pickup,delivery_time,datetime,YES,,
reverse_pickup,channel_created_time,datetime,YES,,
reverse_pickup,shipping_provider_code,varchar(45),YES,,
reverse_pickup,shipping_courier,varchar(45),YES,,
reverse_pickup_action,id,int unsigned,NO,PRI,
reverse_pickup_action,code,varchar(45),NO,UNI,
reverse_pickup_action,description,varchar(45),YES,,
reverse_pickup_alternate,id,int unsigned,NO,PRI,
reverse_pickup_alternate,reverse_pickup_id,int unsigned,NO,MUL,
reverse_pickup_alternate,sale_order_item_id,int unsigned,NO,MUL,
reverse_pickup_alternate,item_type_id,int unsigned,NO,MUL,
reverse_pickup_alternate,total_price,"decimal(12,2)",NO,,
reverse_pickup_alternate,prepaid_amount,"decimal(12,2)",NO,,
reverse_pickup_alternate,selling_price,"decimal(12,2)",NO,,
reverse_pickup_alternate,discount,"decimal(12,2)",NO,,0.00
reverse_pickup_alternate,shipping_charges,"decimal(12,2)",NO,,0.00
reverse_pickup_alternate,created,datetime,NO,,
reverse_pickup_alternate,updated,timestamp,NO,,CURRENT_TIMESTAMP
reverse_pickup_item,id,int unsigned,NO,PRI,
reverse_pickup_item,reverse_pickup_id,int unsigned,NO,MUL,
reverse_pickup_item,sale_order_item_id,int unsigned,NO,MUL,
reverse_pickup_item,status_code,varchar(45),NO,MUL,
reverse_pickup_item,return_date,datetime,YES,,
reverse_pickup_item,return_reason,varchar(500),YES,,
reverse_pickup_item,putaway_comment,varchar(500),YES,,
reverse_pickup_item,item_status,"enum('CREATED','QC_PENDING','QC_COMPLETE','PUTAWAY_PENDING','QC_REJECTED','GOOD_INVENTORY','ALLOCATED','BAD_INVENTORY','TRASHED','IN_TRANSITION','UNPROCESSED','LIQUIDATED','RETURN_AWAITED','CONVERTED','PICKED','PUTBACK_PENDING')",YES,,
reverse_pickup_item,created,datetime,NO,,
reverse_pickup_item,updated,timestamp,NO,,CURRENT_TIMESTAMP
reverse_pickup_item,putaway_id,int unsigned,YES,MUL,
reverse_pickup_item,customer_image_url,varchar(2000),YES,,
reverse_pickup_item,return_remarks,varchar(200),YES,,
reverse_pickup_item,return_manifest_item_id,int unsigned,YES,MUL,
reverse_pickup_item,quantity,int unsigned,NO,,1
reverse_pickup_item,bulk_return_line_item_identifier,varchar(650),YES,,
reverse_pickup_property,id,int unsigned,NO,PRI,
reverse_pickup_property,facility_id,int unsigned,NO,MUL,
reverse_pickup_property,reverse_pickup_id,int unsigned,NO,MUL,
reverse_pickup_property,reference_code,varchar(100),YES,,
reverse_pickup_property,import_reference_id,varchar(100),YES,MUL,
reverse_pickup_status,id,int unsigned,NO,PRI,
reverse_pickup_status,code,varchar(45),NO,UNI,
reverse_pickup_status,description,varchar(45),YES,,
reverse_pickup_status,applicable_for,varchar(45),YES,MUL,
role,id,int unsigned,NO,PRI,
role,tenant_id,int unsigned,NO,MUL,
role,code,varchar(30),NO,MUL,
role,name,varchar(45),NO,,
role,level,"enum('TENANT','FACILITY')",NO,,
role,description,varchar(245),YES,,
role,hidden,tinyint(1),NO,,0
role,created,datetime,NO,,
role,updated,timestamp,NO,,CURRENT_TIMESTAMP
role_access_resource,id,int unsigned,NO,PRI,
role_access_resource,role_id,int unsigned,NO,MUL,
role_access_resource,access_resource_name,varchar(100),NO,,
role_access_resource,enabled,tinyint(1),NO,,1
role_access_resource,created,datetime,NO,,
role_access_resource,updated,timestamp,NO,,CURRENT_TIMESTAMP
sale_order,id,int unsigned,NO,PRI,
sale_order,tenant_id,int unsigned,NO,MUL,
sale_order,code,varchar(45),NO,MUL,
sale_order,display_order_code,varchar(45),NO,,
sale_order,display_order_date_time,datetime,NO,,
sale_order,customer_id,int unsigned,YES,MUL,
sale_order,customer_name,varchar(200),YES,,
sale_order,notification_email,varchar(200),YES,,
sale_order,notification_mobile,varchar(200),YES,,
sale_order,billing_address_id,int unsigned,NO,MUL,
sale_order,payment_method_code,varchar(10),NO,MUL,
sale_order,payment_instrument,"enum('CASH','CREDIT_CARD','DEBIT_CARD','NET_BANKING','WALLET','LOAN','UPI')",YES,,
sale_order,additional_info,varchar(500),YES,,
sale_order,status_code,varchar(45),NO,MUL,
sale_order,fulfillment_tat,datetime,NO,,
sale_order,channel_id,int unsigned,NO,MUL,
sale_order,shipping_package_type_code,varchar(45),YES,,
sale_order,third_party_shipping,tinyint(1),NO,,0
sale_order,currency_code,varchar(45),NO,MUL,
sale_order,currency_conversion_rate,"decimal(12,5) unsigned",NO,,1.00000
sale_order,cform_provided,tinyint(1),NO,,0
sale_order,tax_exempted,tinyint(1),NO,,0
sale_order,reassess_inventory,tinyint(1),NO,MUL,
sale_order,move_pia_before_verification,tinyint(1),NO,,1
sale_order,reconciliation_pending,tinyint(1),NO,,0
sale_order,reconciliation_status,"enum('AWAITING_PAYMENT','RECONCILED','UNRECONCILED','DISPUTED','IRRECONCILIABLE')",NO,,AWAITING_PAYMENT
sale_order,product_management_switched_off,tinyint(1),NO,,0
sale_order,view_dirty,tinyint(1),NO,MUL,1
sale_order,created,datetime,NO,MUL,
sale_order,updated,timestamp,NO,,CURRENT_TIMESTAMP
sale_order,priority,int,NO,,0
sale_order,customer_gstin,varchar(15),YES,,
sale_order,total_discount,"decimal(12,2) unsigned",YES,,
sale_order,total_prepaid_amount,"decimal(12,2) unsigned",YES,,
sale_order,total_gift_wrap_charges,"decimal(12,2) unsigned",YES,,
sale_order,total_shipping_charges,"decimal(12,2) unsigned",YES,,
sale_order,total_cash_on_delivery_charges,"decimal(12,2) unsigned",YES,,
sale_order,total_store_credit,"decimal(12,2) unsigned",YES,,
sale_order,channel_processing_time,datetime,NO,MUL,
sale_order,order_category,varchar(20),YES,,B2C
sale_order,appointment_date,datetime,YES,,
sale_order,expiry_date,datetime,YES,,
sale_order_allocation_metadata,id,int unsigned,NO,PRI,
sale_order_allocation_metadata,tenant_id,int unsigned,NO,MUL,
sale_order_allocation_metadata,facility_id,int unsigned,NO,MUL,
sale_order_allocation_metadata,sale_order_code,varchar(45),NO,,
sale_order_allocation_metadata,shipping_package_code,varchar(45),YES,,
sale_order_allocation_metadata,sku_code,varchar(45),NO,,
sale_order_allocation_metadata,quantity,int unsigned,NO,,
sale_order_allocation_metadata,batch_code,varchar(45),YES,,
sale_order_allocation_metadata,shelf_code,varchar(45),YES,,
sale_order_allocation_metadata,activity,"enum('LOCKED','PROCESSING','COMPLETE','FAILED')",NO,,
sale_order_allocation_metadata,created,timestamp,NO,,CURRENT_TIMESTAMP
sale_order_allocation_metadata,processing_start_time,timestamp,YES,,
sale_order_allocation_metadata,sale_order_item_code,varchar(64),YES,,
sale_order_flow_summary,id,int unsigned,NO,PRI,
sale_order_flow_summary,facility_id,int unsigned,NO,MUL,
sale_order_flow_summary,total_no_of_orders,int,NO,,
sale_order_flow_summary,orders_dispatched,int,NO,,
sale_order_flow_summary,created,datetime,NO,,
sale_order_item,id,int unsigned,NO,PRI,
sale_order_item,facility_id,int unsigned,YES,MUL,
sale_order_item,type,"enum('HOPPABLE','NORMAL')",YES,,NORMAL
sale_order_item,sale_order_id,int unsigned,NO,MUL,
sale_order_item,item_type_id,int unsigned,NO,MUL,
sale_order_item,shipping_method_id,int unsigned,NO,MUL,
sale_order_item,shipping_package_id,int unsigned,YES,MUL,
sale_order_item,item_id,int unsigned,YES,MUL,
sale_order_item,invoice_item_id,int unsigned,YES,MUL,
sale_order_item,shipping_address_id,int unsigned,NO,MUL,
sale_order_item,code,varchar(64),NO,MUL,
sale_order_item,total_price,"decimal(12,2)",NO,,
sale_order_item,selling_price,"decimal(12,2) unsigned",NO,,
sale_order_item,cost_price,"decimal(12,2)",YES,,
sale_order_item,discount,"decimal(12,2)",NO,,0.00
sale_order_item,discount_type,"enum('EXTERNAL','DISCOUNT_GROUP')",YES,,
sale_order_item,effective_tolerance,int unsigned,YES,,
sale_order_item,prepaid_amount,"decimal(12,2)",NO,,0.00
sale_order_item,shipping_charges,"decimal(12,2) unsigned",NO,,0.00
sale_order_item,shipping_method_charges,"decimal(12,2) unsigned",NO,,0.00
sale_order_item,cash_on_delivery_charges,"decimal(12,2)",NO,,0.00
sale_order_item,gift_message,mediumtext,YES,,
sale_order_item,gift_wrap_charges,"decimal(12,2)",NO,,0.00
sale_order_item,gift_wrap,tinyint(1),NO,,0
sale_order_item,voucher_code,varchar(45),YES,,
sale_order_item,voucher_value,"decimal(12,2)",NO,,0.00
sale_order_item,store_credit,"decimal(12,2)",NO,,0.00
sale_order_item,dropship_shipping_charges,"decimal(12,2)",NO,,0.00
sale_order_item,dropship_commission,"decimal(12,2)",NO,,0.00
sale_order_item,packet_number,int unsigned,NO,,0
sale_order_item,item_type_inventory_id,int unsigned,YES,MUL,
sale_order_item,inventory_allocation_date,date,YES,,
sale_order_item,transfer_price,"decimal(12,2)",YES,,
sale_order_item,channel_transfer_price,"decimal(12,2)",YES,,
sale_order_item,commission_percentage,"decimal(12,5) unsigned",YES,,
sale_order_item,payment_gateway_charge,"decimal(12,5) unsigned",YES,,
sale_order_item,logistics_cost,"decimal(12,5) unsigned",YES,,
sale_order_item,shipping_provider_id,int unsigned,YES,MUL,
sale_order_item,tracking_number,varchar(45),YES,,
sale_order_item,on_hold,tinyint(1),NO,,0
sale_order_item,status_code,varchar(45),NO,MUL,
sale_order_item,sale_order_item_alternate_id,int unsigned,YES,MUL,
sale_order_item,altered_sale_order_item_id,int unsigned,YES,MUL,
sale_order_item,reverse_pickup_id,int unsigned,YES,MUL,
sale_order_item,combination_identifier,varchar(45),YES,,
sale_order_item,combination_description,varchar(256),YES,,
sale_order_item,bundle_sku_code,varchar(45),YES,,
sale_order_item,requires_customization,tinyint(1),NO,,0
sale_order_item,reverse_pickup_reason,varchar(500),YES,,
sale_order_item,cancellation_reason,varchar(100),YES,,
sale_order_item,item_detail_fields,varchar(100),YES,,
sale_order_item,item_details,varchar(256),YES,,
sale_order_item,item_detailing_status,"enum('NOT_REQUIRED','PENDING','COMPLETE')",YES,,NOT_REQUIRED
sale_order_item,channel_product_id,varchar(128),NO,MUL,
sale_order_item,seller_sku_code,varchar(128),NO,,
sale_order_item,channel_sale_order_item_code,varchar(45),NO,,
sale_order_item,channel_product_name,varchar(256),NO,,
sale_order_item,created,datetime,NO,MUL,
sale_order_item,updated,timestamp,NO,MUL,CURRENT_TIMESTAMP
sale_order_item,return_invoice_item_id,int unsigned,YES,,
sale_order_item,cancellation_time,datetime,YES,,
sale_order_item,section_id,int unsigned,YES,MUL,
sale_order_item,uc_batch_id,int unsigned,YES,MUL,
sale_order_item,channel_mrp,"decimal(12,2) unsigned",YES,,
sale_order_item,channel_mfd,date,YES,,
sale_order_item,channel_expiry_date,date,YES,,
sale_order_item,channel_vendor_batch_number,varchar(45),YES,,
sale_order_item,country_of_origin,varchar(45),YES,,
sale_order_item,cancelled_by_seller,tinyint(1),YES,,
sale_order_item,expected_delivery_date,datetime,YES,,
sale_order_item,sku_code,varchar(50),YES,,
sale_order_item,item_type_name,varchar(200),YES,,
sale_order_item,picklist_item_id,int unsigned,YES,MUL,
sale_order_item,quantity,int unsigned,NO,,1
sale_order_item,parent_sale_order_item_id,int unsigned,YES,,
sale_order_item,item_tag,varchar(500),YES,,
sale_order_item,delta_selling_price,"decimal(12,2)",NO,,0.00
sale_order_item,packing_validated,tinyint(1),NO,,0
sale_order_item_alternate,id,int unsigned,NO,PRI,
sale_order_item_alternate,status_code,varchar(45),NO,MUL,
sale_order_item_alternate,user_id,int unsigned,NO,MUL,
sale_order_item_alternate,created,datetime,NO,,
sale_order_item_alternate,updated,timestamp,NO,,CURRENT_TIMESTAMP
sale_order_item_alternate_status,id,int unsigned,NO,PRI,
sale_order_item_alternate_status,code,varchar(45),NO,UNI,
sale_order_item_alternate_status,description,varchar(45),YES,,
sale_order_item_alternate_suggestion,id,int unsigned,NO,PRI,
sale_order_item_alternate_suggestion,sale_order_item_alternate_id,int unsigned,NO,MUL,
sale_order_item_alternate_suggestion,item_type_id,int unsigned,NO,MUL,
sale_order_item_alternate_suggestion,amount_difference,"decimal(12,2)",NO,,
sale_order_item_alternate_suggestion,created,datetime,NO,,
sale_order_item_alternate_suggestion,updated,timestamp,NO,,CURRENT_TIMESTAMP
sale_order_item_claim_eligibility,id,int unsigned,NO,PRI,
sale_order_item_claim_eligibility,tenant_id,int unsigned,NO,MUL,
sale_order_item_claim_eligibility,sale_order_item_id,int unsigned,NO,MUL,
sale_order_item_claim_eligibility,type,varchar(32),NO,,
sale_order_item_claim_eligibility,claim_status,varchar(32),NO,,
sale_order_item_claim_eligibility,eligibility_start_time,datetime,YES,,
sale_order_item_claim_eligibility,expiration_start_time,datetime,YES,,
sale_order_item_claim_eligibility,created_at,datetime,NO,,
sale_order_item_claim_eligibility,updated_at,datetime,NO,,
sale_order_item_claim_eligibility,action_taken_at,datetime,YES,,
sale_order_item_claim_eligibility,action_type,varchar(32),YES,,
sale_order_item_claim_eligibility,action_text,varchar(64),YES,,
sale_order_item_claim_eligibility,action_source,varchar(32),YES,,
sale_order_item_claim_eligibility,action_reference,varchar(128),YES,,
sale_order_item_claim_eligibility,acted_by,varchar(45),YES,,
sale_order_item_detail,id,int unsigned,NO,PRI,
sale_order_item_detail,sale_order_item_id,int unsigned,NO,MUL,
sale_order_item_detail,tenant_id,int unsigned,NO,MUL,
sale_order_item_detail,channel_id,int unsigned,NO,MUL,
sale_order_item_detail,item_detail_field,varchar(128),NO,,
sale_order_item_detail,item_detail_value,varchar(512),NO,,
sale_order_item_detail,created,timestamp,NO,,CURRENT_TIMESTAMP
sale_order_item_detail,updated,timestamp,NO,,CURRENT_TIMESTAMP
sale_order_item_metadata,id,int unsigned,NO,PRI,
sale_order_item_metadata,metadata_key,varchar(45),NO,,
sale_order_item_metadata,metadata_value,varchar(256),NO,,
sale_order_item_metadata,sale_order_item_id,int unsigned,NO,MUL,
sale_order_item_metadata,type,"enum('EAN','HSN_CODE','UPC','PACKING_LABELS','PRICING_DETAILS')",YES,MUL,
sale_order_item_metadata,created,datetime,NO,,
sale_order_item_metadata,updated,timestamp,NO,,CURRENT_TIMESTAMP
sale_order_item_status,id,int unsigned,NO,PRI,
sale_order_item_status,code,varchar(45),NO,UNI,
sale_order_item_status,description,varchar(45),YES,,
sale_order_item_status,applicable_for,varchar(45),YES,MUL,
sale_order_item_sync_metadata,id,int unsigned,NO,PRI,
sale_order_item_sync_metadata,sale_order_item_id,int unsigned,NO,,
sale_order_item_sync_metadata,facility_id,int unsigned,YES,,
sale_order_item_sync_metadata,sku_code,varchar(50),NO,,
sale_order_item_sync_metadata,batch_id,int unsigned,YES,MUL,
sale_order_item_sync_metadata,created,timestamp,YES,,
sale_order_item_sync_metadata,wms_synced_at,timestamp,YES,,
sale_order_item_sync_metadata,change_in_qty,int,NO,,
sale_order_item_sync_metadata,updated,timestamp,NO,,CURRENT_TIMESTAMP
sale_order_metadata,id,int unsigned,NO,PRI,
sale_order_metadata,metadata_key,varchar(45),NO,,
sale_order_metadata,metadata_value,varchar(45),NO,,
sale_order_metadata,sale_order_id,int unsigned,NO,MUL,
sale_order_metadata,type,"enum('PREPAID_AMOUNT','PARENT_SALE_ORDER_CODE','IS_PRIME','SHIPMENT_ID','IS_MPS','IS_DRAFT_ORDER')",YES,MUL,
sale_order_metadata,created,datetime,NO,,
sale_order_metadata,updated,timestamp,NO,,CURRENT_TIMESTAMP
sale_order_payment_return_status,id,int unsigned,NO,PRI,
sale_order_payment_return_status,code,varchar(45),NO,MUL,
sale_order_payment_return_status,return_status,varchar(45),NO,,
sale_order_payment_return_status,type,"enum('RTO','CIR')",NO,,
sale_order_payment_return_status,created,datetime,NO,,
sale_order_payment_return_status,updated,timestamp,NO,,CURRENT_TIMESTAMP
sale_order_status,id,int unsigned,NO,PRI,
sale_order_status,code,varchar(45),NO,UNI,
sale_order_status,description,varchar(256),YES,,
sale_order_status,applicable_for,varchar(45),YES,MUL,
sanity_data_log,id,int unsigned,NO,PRI,
sanity_data_log,tenant_code,varchar(100),YES,,
sanity_data_log,facility_code,varchar(100),YES,,
sanity_data_log,facility_id,int unsigned,NO,,
sanity_data_log,run_updates,tinyint(1),YES,,
sanity_data_log,sku_mismatch,int unsigned,NO,,
sanity_data_log,sku_with_shelf_mismatch,int unsigned,YES,,
sanity_data_log,sku_with_qty_mismatch,int unsigned,YES,,
sanity_data_log,not_found_sku_count,int,YES,,
sanity_data_log,sanity_date,datetime,NO,,
sanity_log,step,varchar(45),YES,,
sanity_log,comment,varchar(150),YES,,
search_types,id,int unsigned,NO,PRI,
search_types,type,"enum('SALE_ORDER','FAILED_SALE_ORDER','SHIPPING_PACKAGE','PURCHASE_ORDER','ITEM_TYPE','MANIFEST','INVOICE','VENDOR','RATE_CARD','ORDER_CODE','CHANNEL_ORDER_CODE','INVOICE_DISPLAY_CODE','UTR_NUMBER','REVERSE_PICKUP')",YES,UNI,
search_types,name,varchar(45),NO,,
search_types,access_resource_id,int unsigned,NO,MUL,
search_types,landing_page_url,varchar(200),NO,,
search_types,place_holder,varchar(100),NO,,
search_types,display_order,int,YES,,
search_types,all_facility,tinyint(1),NO,,0
search_types,hidden,tinyint(1),NO,,0
search_types,created,datetime,NO,,
search_types,updated,timestamp,NO,,CURRENT_TIMESTAMP
section,id,int unsigned,NO,PRI,
section,facility_id,int unsigned,NO,MUL,
section,type,"enum('PRIME','CROSSDOCK')",NO,,PRIME
section,code,varchar(3),NO,MUL,
section,name,varchar(45),NO,,
section,inventory_type,"enum('ANY','GOOD_INVENTORY','BAD_INVENTORY')",NO,,ANY
section,pick_set_id,int unsigned,NO,MUL,
section,last_shelf_id,int unsigned,NO,,
section,editable,tinyint(1),NO,,1
section,created,datetime,NO,,
section,updated,timestamp,NO,,CURRENT_TIMESTAMP
section,enabled,tinyint(1),NO,,1
section,enable_for_picking,tinyint(1),NO,,1
section,section_sequence,int unsigned,YES,,
section,storage_area,"enum('LOOSE','BULK')",NO,,LOOSE
sequence,id,int unsigned,NO,PRI,
sequence,id_unique,varchar(256),NO,UNI,abcd
sequence,tenant_id,int unsigned,NO,MUL,
sequence,facility_id,int unsigned,YES,MUL,
sequence,name,varchar(100),NO,MUL,
sequence,level,"enum('TENANT','FACILITY')",NO,,FACILITY
sequence,current_value,int unsigned,NO,,0
sequence,increment_by,int unsigned,NO,,1
sequence,prefix,varchar(50),YES,,
sequence,next_year_prefix,varchar(45),YES,,
sequence,prefix_expression,text,YES,,
sequence,reset_counter_next_year,tinyint(1),YES,,1
sequence,pad_to_length,int,NO,,0
sequence,reset_interval,"enum('DAILY','MONTHLY','YEARLY','NEVER')",NO,,NEVER
sequence,description,varchar(256),YES,,
sequence,created,datetime,NO,,
sequence,updated,timestamp,NO,,CURRENT_TIMESTAMP
shelf,id,int unsigned,NO,PRI,
shelf,shelf_type_id,int unsigned,NO,MUL,
shelf,section_id,int unsigned,NO,MUL,
shelf,facility_id,int,NO,MUL,
shelf,code,varchar(45),NO,MUL,
shelf,status_code,varchar(45),YES,,
shelf,total_volume,bigint unsigned,NO,,0
shelf,filled_volume,bigint unsigned,NO,,0
shelf,item_count,int unsigned,NO,,0
shelf,used_capacity,int unsigned,NO,,0
shelf,created,datetime,NO,,
shelf,updated,timestamp,NO,,CURRENT_TIMESTAMP
shelf,version,int unsigned,YES,,0
shelf,enabled_for_inventory_allocation,tinyint(1),NO,,1
shelf,enabled_for_inventory_sync,tinyint(1),NO,,1
shelf,enabled_for_sku_mixing,tinyint(1),NO,,1
shelf,on_hold,tinyint(1),NO,,0
shelf,shelf_sequence,int unsigned,YES,,
shelf_activity_audit,id,int unsigned,NO,PRI,
shelf_activity_audit,shelf_id,int unsigned,NO,MUL,
shelf_activity_audit,entity_type,"enum('B2B_PICKLIST','PICKLIST','PUTAWAY')",YES,MUL,
shelf_activity_audit,entity_id,int unsigned,NO,,
shelf_activity_audit,entity_code,varchar(100),NO,,
shelf_activity_audit,in_progress,tinyint(1),NO,,
shelf_activity_audit,created_at,timestamp,NO,,CURRENT_TIMESTAMP
shelf_activity_audit,updated_at,timestamp,NO,,CURRENT_TIMESTAMP
shelf_type,id,int unsigned,NO,PRI,
shelf_type,facility_id,int unsigned,NO,MUL,
shelf_type,code,varchar(10),NO,MUL,
shelf_type,length,int unsigned,NO,,0
shelf_type,width,int unsigned,NO,,0
shelf_type,height,int unsigned,NO,,0
shelf_type,capacity,int unsigned,NO,,0
shelf_type,enabled,tinyint(1),NO,,1
shelf_type,editable,tinyint(1),NO,,1
shipment_batch,id,int unsigned,NO,PRI,
shipment_batch,facility_id,int unsigned,NO,MUL,
shipment_batch,code,varchar(45),NO,,
shipment_batch,status_code,varchar(45),NO,MUL,
shipment_batch,created,datetime,NO,,
shipment_batch,updated,timestamp,NO,,CURRENT_TIMESTAMP
shipment_batch_status,id,int unsigned,NO,PRI,
shipment_batch_status,code,varchar(45),NO,UNI,
shipment_batch_status,description,varchar(45),YES,,
shipment_state_migration,id,int unsigned,NO,PRI,
shipment_state_migration,shipping_package_id,int,NO,,
shipment_state_migration,state,varchar(30),NO,,NOT_STARTED
shipment_state_migration,picklist_id,int unsigned,NO,,
shipment_state_migration,created,datetime,NO,,
shipment_state_migration,updated,timestamp,NO,,CURRENT_TIMESTAMP
shipment_tracking,id,int unsigned,NO,PRI,
shipment_tracking,facility_id,int unsigned,NO,MUL,
shipment_tracking,type,"enum('SHIP_TO_CUSTOMER','REVERSE_PICKUP','RETURN_TO_ORIGIN')",NO,,
shipment_tracking,shipping_provider_id,int unsigned,NO,MUL,
shipment_tracking,tracking_number,varchar(45),NO,MUL,
shipment_tracking,status_code,varchar(45),NO,MUL,
shipment_tracking,provider_status,varchar(150),YES,,
shipment_tracking,ship_time,datetime,YES,,
shipment_tracking,first_attempt_time,datetime,YES,,
shipment_tracking,delivery_time,datetime,YES,,
shipment_tracking,picked_up_time,datetime,YES,,
shipment_tracking,disable_status_update,tinyint(1),NO,,0
shipment_tracking,created,datetime,NO,,
shipment_tracking,updated,timestamp,NO,,CURRENT_TIMESTAMP
shipment_tracking_status,id,int unsigned,NO,PRI,
shipment_tracking_status,code,varchar(45),NO,UNI,
shipment_tracking_status,name,varchar(100),YES,,
shipment_tracking_status,description,varchar(100),YES,,
shipment_tracking_status,shipping_package_status_id,int unsigned,YES,MUL,
shipment_tracking_status,handover_attempted,tinyint(1),NO,,0
shipment_tracking_status,stop_polling,tinyint(1),NO,,0
shipment_tracking_status,reverse_pickup_status_id,int unsigned,YES,MUL,
shipment_tracking_status,shipping_package_identity,tinyint(1),NO,,0
shipment_tracking_status_mapping,id,int unsigned,NO,PRI,
shipment_tracking_status_mapping,provider_status,varchar(150),NO,,
shipment_tracking_status_mapping,shipment_tracking_status_id,int unsigned,NO,MUL,
shipment_tracking_status_mapping,shipping_source_code,varchar(45),NO,MUL,
shipment_tracking_status_mapping,type,"enum('SHIP_TO_CUSTOMER','REVERSE_PICKUP','RETURN_TO_ORIGIN')",NO,,
shipment_tracking_status_mapping,provider_description,varchar(100),YES,,
shipping_manifest,id,int unsigned,NO,PRI,
shipping_manifest,facility_id,int unsigned,NO,MUL,
shipping_manifest,code,varchar(45),YES,MUL,
shipping_manifest,shipping_provider_code,varchar(128),YES,MUL,
shipping_manifest,shipping_provider_name,varchar(128),YES,,
shipping_manifest,shipping_courier,varchar(45),YES,,
shipping_manifest,shipping_method_id,int unsigned,YES,MUL,
shipping_manifest,quick_dispatch_group_id,int unsigned,YES,MUL,
shipping_manifest,channel_id,int unsigned,YES,MUL,
shipping_manifest,status_code,varchar(45),NO,MUL,
shipping_manifest,user_id,int unsigned,NO,MUL,
shipping_manifest,comments,varchar(100),YES,,
shipping_manifest,manifest_link,varchar(255),YES,MUL,
shipping_manifest,shipping_manager,"enum('CHANNEL','UNIWARE','NONE')",NO,,UNIWARE
shipping_manifest,manifest_synced,tinyint(1),NO,,0
shipping_manifest,closed,datetime,YES,,
shipping_manifest,signature_link,varchar(255),YES,,
shipping_manifest,signee_name,varchar(100),YES,,
shipping_manifest,signee_mobile,varchar(50),YES,,
shipping_manifest,created,datetime,NO,,
shipping_manifest,updated,timestamp,NO,,CURRENT_TIMESTAMP
shipping_manifest,shipping_provider_method,varchar(10),YES,,
shipping_manifest_item,id,int unsigned,NO,PRI,
shipping_manifest_item,shipping_manifest_id,int unsigned,NO,MUL,
shipping_manifest_item,shipping_package_id,int unsigned,NO,UNI,
shipping_manifest_item,tracking_number,varchar(45),NO,,
shipping_manifest_item,created,datetime,NO,MUL,
shipping_manifest_item,updated,timestamp,NO,MUL,CURRENT_TIMESTAMP
shipping_manifest_status,id,int unsigned,NO,PRI,
shipping_manifest_status,code,varchar(45),NO,UNI,
shipping_manifest_status,description,varchar(45),YES,,
shipping_method,id,int unsigned,NO,PRI,
shipping_method,code,varchar(10),YES,,
shipping_method,name,varchar(45),NO,UNI,
shipping_method,payment_method_code,varchar(10),NO,MUL,
shipping_method,enabled,tinyint(1),NO,,1
shipping_package,id,int unsigned,NO,PRI,
shipping_package,tenant_id,int unsigned,NO,MUL,
shipping_package,facility_id,int unsigned,NO,MUL,
shipping_package,code,varchar(45),YES,MUL,
shipping_package,channel_shipment_code,varchar(45),YES,MUL,
shipping_package,shipping_package_type_id,int unsigned,NO,MUL,
shipping_package,pick_set_id,int unsigned,YES,MUL,
shipping_package,pick_sections,varchar(512),YES,,
shipping_package,pick_items,text,YES,,
shipping_package,sale_order_id,int unsigned,NO,MUL,
shipping_package,shipping_method_id,int unsigned,NO,MUL,
shipping_package,shipping_address_id,int unsigned,NO,MUL,
shipping_package,tracking_number,varchar(45),YES,MUL,
shipping_package,status_code,varchar(45),NO,MUL,
shipping_package,shipment_tracking_status_code,varchar(45),YES,,
shipping_package,provider_status_code,varchar(150),YES,,
shipping_package,disable_status_update,tinyint(1),NO,,0
shipping_package,splittable,tinyint(1),NO,,0
shipping_package,invoice_id,int unsigned,YES,MUL,
shipping_package,estimated_weight,"decimal(12,3)",YES,,
shipping_package,actual_weight,"decimal(12,3)",YES,,
shipping_package,box_length,int unsigned,NO,,
shipping_package,box_width,int unsigned,NO,,
shipping_package,box_height,int unsigned,NO,,
shipping_package,total_price,"decimal(12,2)",NO,,
shipping_package,collectable_amount,"decimal(12,2)",NO,,
shipping_package,collected_amount,"decimal(12,2)",YES,,
shipping_package,payment_reconciled,tinyint(1),NO,,
shipping_package,selling_price,"decimal(12,2)",NO,,
shipping_package,discount,"decimal(12,2)",NO,,0.00
shipping_package,shipping_charges,"decimal(12,2)",NO,,0.00
shipping_package,shipping_method_charges,"decimal(12,2)",NO,,0.00
shipping_package,cash_on_delivery_charges,"decimal(12,2)",NO,,0.00
shipping_package,gift_wrap_charges,"decimal(12,2)",NO,,0.00
shipping_package,priority,int,NO,,0
shipping_package,parent_shipping_package_id,int unsigned,YES,MUL,
shipping_package,reshipment_id,int unsigned,YES,MUL,
shipping_package,no_of_items,int,NO,,
shipping_package,no_of_boxes,int unsigned,YES,,1
shipping_package,pod_code,varchar(10),YES,,
shipping_package,dispatch_time,datetime,YES,MUL,
shipping_package,delivery_time,datetime,YES,MUL,
shipping_package,additional_info,text,YES,,
shipping_package,regulatory_form_codes,varchar(256),YES,,
shipping_package,shipment_label_format,varchar(45),NO,,PDF
shipping_package,shipping_label_link,varchar(255),YES,MUL,
shipping_package,shipping_provider_code,varchar(128),YES,MUL,
shipping_package,shipping_provider_name,varchar(128),YES,,
shipping_package,shipping_courier,varchar(45),YES,,
shipping_package,requires_customization,tinyint(1),NO,,0
shipping_package,shipping_manifest_id,int unsigned,YES,MUL,
shipping_package,payment_reference_number,varchar(45),YES,,
shipping_package,shipping_manager,"enum('CHANNEL','UNIWARE','NONE')",NO,,UNIWARE
shipping_package,dispatched_on_channel,tinyint(1),NO,,0
shipping_package,shipment_batch_code,varchar(45),YES,MUL,
shipping_package,manual_awb_allocation,tinyint(1),NO,,0
shipping_package,putaway_pending,tinyint(1),NO,MUL,0
shipping_package,label_synced,tinyint(1),NO,,0
shipping_package,created,datetime,NO,MUL,
shipping_package,updated,timestamp,NO,,CURRENT_TIMESTAMP
shipping_package,pod_verified,tinyint(1),NO,,0
shipping_package,return_invoice_id,int unsigned,YES,MUL,
shipping_package,return_delivery_challan_id,int unsigned,YES,UNI,
shipping_package,cancellation_time,datetime,YES,,
shipping_package,shelf_code,varchar(20),YES,,
shipping_package,combination_identifier,varchar(255),YES,,
shipping_package,alternate_shipping_package_code,varchar(255),YES,,
shipping_package,channel_box_code,varchar(45),YES,,
shipping_package,asn_code,varchar(45),YES,,
shipping_package,courier_return_putaway_id,int unsigned,YES,MUL,
shipping_package,product_type,"enum('BOTH','SIMPLE','BUNDLE')",NO,,
shipping_package,return_facility_id,int unsigned,YES,MUL,
shipping_package,tracking_link,varchar(512),YES,,
shipping_package,appointment_date,datetime,YES,,
shipping_package,shipment_tag,varchar(500),YES,,
shipping_package,gst_einvoice_status,"enum('PENDING','GENERATED','NOT_APPLICABLE')",NO,,NOT_APPLICABLE
shipping_package,label_requested,tinyint(1),NO,,0
shipping_package,hold_before_manifest,tinyint(1),NO,,0
shipping_package,carrier_pickup_time,datetime,YES,,
shipping_package,is_pre_allocated_courier,tinyint(1),NO,,0
shipping_package,expected_delivery_date,datetime,YES,,
shipping_package_meta_data,id,int unsigned,NO,PRI,
shipping_package_meta_data,shipping_package_id,int unsigned,NO,UNI,
shipping_package_meta_data,read_to_ship_time,timestamp,YES,,
shipping_package_meta_data,manifested_time,timestamp,YES,,
shipping_package_meta_data,dispatched_time,timestamp,YES,,
shipping_package_meta_data,ready_to_pack,tinyint(1),NO,,0
shipping_package_meta_data,full_qty_in_picklist,tinyint(1),NO,,0
shipping_package_meta_data,created,timestamp,NO,,CURRENT_TIMESTAMP
shipping_package_meta_data,updated,timestamp,NO,,CURRENT_TIMESTAMP
shipping_package_state_mapping,id,int unsigned,NO,PRI,
shipping_package_state_mapping,shipping_package_id,int unsigned,NO,MUL,
shipping_package_state_mapping,state,varchar(30),NO,,NOT_STARTED
shipping_package_state_mapping,picklist_id,int unsigned,NO,MUL,
shipping_package_state_mapping,created,datetime,NO,,
shipping_package_state_mapping,updated,timestamp,NO,,CURRENT_TIMESTAMP
shipping_package_state_mapping_old,shipping_package_id,int unsigned,NO,PRI,
shipping_package_state_mapping_old,state,varchar(30),NO,,NOT_STARTED
shipping_package_state_mapping_old,created,datetime,NO,,
shipping_package_state_mapping_old,updated,timestamp,NO,,CURRENT_TIMESTAMP
shipping_package_status,id,int unsigned,NO,PRI,
shipping_package_status,code,varchar(45),NO,UNI,
shipping_package_status,description,varchar(45),YES,,
shipping_package_status,applicable_for,varchar(45),YES,MUL,
shipping_package_type,id,int unsigned,NO,PRI,
shipping_package_type,facility_id,int unsigned,NO,MUL,
shipping_package_type,channel_id,int unsigned,YES,MUL,
shipping_package_type,code,varchar(45),NO,MUL,
shipping_package_type,display_name,varchar(45),NO,,
shipping_package_type,box_length,int,NO,,
shipping_package_type,box_width,int,NO,,
shipping_package_type,box_height,int,NO,,
shipping_package_type,box_weight,int,NO,,0
shipping_package_type,packing_cost,"decimal(12,2)",NO,,0.00
shipping_package_type,enabled,tinyint(1),NO,,1
shipping_package_type,editable,tinyint(1),NO,,1
shipping_package_type,is_default,tinyint(1),NO,,0
shipping_package_type,scannable,tinyint(1),NO,,0
shipping_provider,id,int unsigned,NO,PRI,
shipping_provider,tenant_id,int unsigned,NO,MUL,
shipping_provider,shipping_source_code,varchar(45),NO,,
shipping_provider,code,varchar(45),YES,MUL,
shipping_provider,name,varchar(45),NO,,
shipping_provider,enabled,tinyint(1),NO,,1
shipping_provider,configured,tinyint(1),NO,,0
shipping_provider,hidden,tinyint(1),NO,,0
shipping_provider,preference,int,NO,,10
shipping_provider,created,datetime,NO,,
shipping_provider,updated,timestamp,NO,,CURRENT_TIMESTAMP
shipping_provider,integrated,tinyint(1),NO,,0
shipping_provider,short_name,varchar(2),NO,,
shipping_provider,color_code,varchar(20),YES,,
shipping_provider,serviceability,"enum('GLOBAL_SERVICEABLITY','LOCATION_AGNOSTIC','LIMITED_SERVICEABILITY')",NO,,LIMITED_SERVICEABILITY
shipping_provider,reverse_serviceability,"enum('GLOBAL_SERVICEABLITY','LOCATION_AGNOSTIC','LIMITED_SERVICEABILITY')",NO,,LIMITED_SERVICEABILITY
shipping_provider,tracking_sync_status,"enum('NOT_AVAILABLE','ON','OFF')",NO,,NOT_AVAILABLE
shipping_provider,exchange_serviceability,"enum('GLOBAL_SERVICEABLITY','LOCATION_AGNOSTIC','LIMITED_SERVICEABILITY')",NO,,LIMITED_SERVICEABILITY
shipping_provider_allocation_rule,id,int unsigned,NO,PRI,
shipping_provider_allocation_rule,facility_id,int unsigned,NO,MUL,
shipping_provider_allocation_rule,name,varchar(45),NO,MUL,
shipping_provider_allocation_rule,condition_expression,varchar(1000),NO,,
shipping_provider_allocation_rule,allocation_criteria,"enum('ALLOCATE','NOT_ALLOCATE','FORCE_ALLOCATE')",NO,,ALLOCATE
shipping_provider_allocation_rule,shipping_provider_id,int unsigned,NO,MUL,
shipping_provider_allocation_rule,preference,int unsigned,NO,,0
shipping_provider_allocation_rule,enabled,tinyint(1),NO,,1
shipping_provider_allocation_rule,created,datetime,NO,,
shipping_provider_allocation_rule,updated,timestamp,NO,,CURRENT_TIMESTAMP
shipping_provider_allocation_rule,type,"enum('FORWARD','REVERSE','EXCHANGE')",NO,,
shipping_provider_config_parameter,id,int unsigned,NO,PRI,
shipping_provider_config_parameter,shipping_provider_id,int unsigned,NO,MUL,
shipping_provider_config_parameter,name,varchar(254),NO,,
shipping_provider_config_parameter,value,varchar(1024),YES,,
shipping_provider_config_parameter,created,datetime,NO,,
shipping_provider_config_parameter,updated,timestamp,NO,,CURRENT_TIMESTAMP
shipping_provider_connector,id,int unsigned,NO,PRI,
shipping_provider_connector,shipping_provider_id,int unsigned,NO,MUL,
shipping_provider_connector,shipping_source_connector_name,varchar(200),NO,,
shipping_provider_connector,status_code,"enum('NOT_CONFIGURED','ACTIVE','BROKEN')",YES,,NOT_CONFIGURED
shipping_provider_connector,failed_count,int unsigned,NO,,0
shipping_provider_connector,error_message,text,YES,,
shipping_provider_connector,created,datetime,NO,,
shipping_provider_connector,updated,timestamp,NO,,CURRENT_TIMESTAMP
shipping_provider_connector_parameter,id,int unsigned,NO,PRI,
shipping_provider_connector_parameter,shipping_provider_connector_id,int unsigned,NO,MUL,
shipping_provider_connector_parameter,name,varchar(256),NO,,
shipping_provider_connector_parameter,value,text,YES,,
shipping_provider_connector_parameter,encrypted,tinyint(1),NO,,0
shipping_provider_connector_parameter,created,datetime,NO,,
shipping_provider_connector_parameter,updated,timestamp,NO,,CURRENT_TIMESTAMP
shipping_provider_location,id,int unsigned,NO,PRI,
shipping_provider_location,facility_id,int unsigned,YES,MUL,
shipping_provider_location,shipping_provider_id,int unsigned,NO,MUL,
shipping_provider_location,shipping_method_id,int unsigned,NO,MUL,
shipping_provider_location,name,varchar(45),YES,,
shipping_provider_location,pincode,varchar(45),NO,MUL,
shipping_provider_location,filter_expression,varchar(256),YES,,
shipping_provider_location,routing_code,varchar(45),YES,,
shipping_provider_location,priority,int,NO,,1
shipping_provider_location,enabled,tinyint(1),NO,,1
shipping_provider_location,created,datetime,NO,,
shipping_provider_location,updated,timestamp,NO,,CURRENT_TIMESTAMP
shipping_provider_method,id,int unsigned,NO,PRI,
shipping_provider_method,facility_id,int unsigned,NO,MUL,
shipping_provider_method,shipping_method_id,int unsigned,NO,MUL,
shipping_provider_method,shipping_provider_id,int unsigned,NO,MUL,
shipping_provider_method,tracking_number_generation,"enum('LIST','CUSTOM','MANUAL','GLOBAL_LIST')",NO,,
shipping_provider_method,tracking_number_threshold,int,NO,,0
shipping_provider_method,enabled,tinyint(1),NO,,1
shipping_provider_method,created,datetime,NO,,
shipping_provider_method,updated,timestamp,NO,,CURRENT_TIMESTAMP
shipping_provider_parameter,id,int unsigned,NO,PRI,
shipping_provider_parameter,shipping_provider_id,int unsigned,NO,MUL,
shipping_provider_parameter,name,varchar(45),NO,,
shipping_provider_parameter,value,varchar(256),NO,,
shipping_provider_source,id,int unsigned,NO,PRI,
shipping_provider_source,code,varchar(128),NO,UNI,
shipping_provider_source,name,varchar(128),NO,,
shipping_provider_source,enabled,tinyint(1),NO,,1
shipping_provider_source,created,datetime,NO,,
shipping_provider_source,updated,timestamp,NO,,CURRENT_TIMESTAMP
shipping_provider_source_property,id,int unsigned,NO,PRI,
shipping_provider_source_property,shipping_provider_source_code,varchar(45),NO,MUL,
shipping_provider_source_property,name,varchar(255),NO,,
shipping_provider_source_property,value,varchar(255),NO,,
shipping_provider_state_mapping,id,int unsigned,NO,PRI,
shipping_provider_state_mapping,shipping_provider_id,int unsigned,NO,MUL,
shipping_provider_state_mapping,text,varchar(45),NO,,
shipping_provider_state_mapping,state_id,int unsigned,NO,MUL,
shipping_provider_state_mapping,created,datetime,NO,,
shipping_provider_state_mapping,updated,timestamp,NO,,CURRENT_TIMESTAMP
shipping_provider_tracking_number,id,int unsigned,NO,PRI,
shipping_provider_tracking_number,facility_id,int unsigned,YES,MUL,
shipping_provider_tracking_number,shipping_provider_id,int unsigned,NO,MUL,
shipping_provider_tracking_number,shipping_method_id,int unsigned,NO,MUL,
shipping_provider_tracking_number,tracking_number,varchar(45),NO,MUL,
shipping_provider_tracking_number,used,tinyint(1),NO,,0
shipping_provider_tracking_number,created,datetime,NO,,
shipping_provider_tracking_number,updated,timestamp,NO,,CURRENT_TIMESTAMP
shipping_serviceability,id,int unsigned,NO,PRI,
shipping_serviceability,code,varchar(45),NO,UNI,
shipping_serviceability,description,varchar(256),YES,,
shipping_serviceability,created,datetime,NO,,
shipping_source_color,id,int unsigned,NO,PRI,
shipping_source_color,shipping_source_code,varchar(45),NO,MUL,
shipping_source_color,color,varchar(45),NO,,
shipping_source_color,priority,int,NO,,
shipping_source_connector,id,int unsigned,NO,PRI,
shipping_source_connector,shipping_provider_source_id,int unsigned,NO,MUL,
shipping_source_connector,name,varchar(200),NO,,
shipping_source_connector,display_name,varchar(255),NO,,
shipping_source_connector,help_text,varchar(255),NO,,
shipping_source_connector,priority,tinyint(1),NO,,1
shipping_source_connector,required_in_awb_fetch,tinyint(1),NO,,1
shipping_source_connector,required_in_tracking,tinyint(1),NO,,1
shipping_source_connector,verification_script_name,varchar(256),YES,,
shipping_source_connector,created,datetime,NO,,
shipping_source_connector,updated,timestamp,NO,,CURRENT_TIMESTAMP
shipping_source_connector_parameter,id,int unsigned,NO,PRI,
shipping_source_connector_parameter,shipping_source_connector_id,int unsigned,NO,MUL,
shipping_source_connector_parameter,name,varchar(256),NO,,
shipping_source_connector_parameter,display_name,varchar(256),NO,,
shipping_source_connector_parameter,display_place_holder,varchar(256),NO,,
shipping_source_connector_parameter,type,"enum('TEXT','PASSWORD','HIDDEN','CHECKBOX','READONLY')",NO,,TEXT
shipping_source_connector_parameter,priority,tinyint,NO,,1
shipping_source_connector_parameter,created,datetime,NO,,
shipping_source_connector_parameter,updated,timestamp,NO,,CURRENT_TIMESTAMP
sku_tax_class_mapping,id,int,NO,PRI,
sku_tax_class_mapping,tenant_id,int,NO,MUL,
sku_tax_class_mapping,sku_code,varchar(100),NO,MUL,
sku_tax_class_mapping,tax_class_code,varchar(100),NO,,
sku_tax_class_mapping,old_gst_tax_type_id,int,YES,,
sku_tax_class_mapping,new_gst_tax_type_id,int,YES,,
sku_tax_class_mapping,item_type_id,int,NO,MUL,
sku_tax_class_mapping,old_max_retail_price,"decimal(12,2)",YES,,
sku_tax_class_mapping,max_retail_price,"decimal(12,2)",YES,,
sku_tax_class_mapping,created,timestamp,NO,,CURRENT_TIMESTAMP
sku_tax_class_mapping,updated,timestamp,NO,,CURRENT_TIMESTAMP
sms_channel,id,int unsigned,NO,PRI,
sms_channel,name,varchar(45),NO,UNI,
sms_channel,created,datetime,NO,,
sms_channel,updated,timestamp,NO,,CURRENT_TIMESTAMP
sms_channel_parameter,id,int unsigned,NO,PRI,
sms_channel_parameter,tenant_id,int unsigned,NO,MUL,
sms_channel_parameter,sms_channel_id,int unsigned,NO,MUL,
sms_channel_parameter,name,varchar(45),NO,,
sms_channel_parameter,value,varchar(256),NO,,
sms_template,id,int unsigned,NO,PRI,
sms_template,tenant_id,int unsigned,NO,MUL,
sms_template,name,varchar(45),NO,MUL,
sms_template,template,varchar(2000),NO,,
sms_template,enabled,tinyint(1),NO,,1
sms_template,created,datetime,NO,,
sms_template,updated,timestamp,NO,,CURRENT_TIMESTAMP
snapshot_inventory_mismatch,id,int unsigned,NO,PRI,
snapshot_inventory_mismatch,itis_id,int unsigned,NO,,
snapshot_inventory_mismatch,item_type_id,int unsigned,NO,MUL,
snapshot_inventory_mismatch,facility_id,int unsigned,NO,MUL,
snapshot_inventory_mismatch,old_good,int unsigned,NO,,
snapshot_inventory_mismatch,new_good,int unsigned,NO,,
snapshot_inventory_mismatch,created,timestamp,NO,,CURRENT_TIMESTAMP
snapshot_inventory_mismatch,updated,timestamp,NO,,CURRENT_TIMESTAMP
snapshot_inventory_mismatch,pool_sanity_acknowledged,tinyint(1),NO,,0
snapshot_transaction,id,bigint unsigned,NO,PRI,
snapshot_transaction,itis_id,int unsigned,NO,MUL,
snapshot_transaction,facility_id,int unsigned,NO,,
snapshot_transaction,item_type_id,int unsigned,NO,,
snapshot_transaction,pending_inventory_assessment,int unsigned,NO,,0
snapshot_transaction,inventory,int unsigned,NO,,0
snapshot_transaction,inventory_blocked,int,NO,,0
snapshot_transaction,bad_inventory,int unsigned,NO,,0
snapshot_transaction,open_sale,int unsigned,NO,,0
snapshot_transaction,open_purchase,int unsigned,NO,,0
snapshot_transaction,putaway_pending,int unsigned,NO,,0
snapshot_transaction,pending_stock_transfer,int unsigned,NO,,0
snapshot_transaction,vendor_inventory,int unsigned,NO,,0
snapshot_transaction,awaiting_putaway,int unsigned,NO,,0
snapshot_transaction,inventory_not_synced,int unsigned,NO,,0
snapshot_transaction,ledger_acknowledged,tinyint(1),NO,MUL,0
snapshot_transaction,virtual_inventory,int unsigned,NO,,0
snapshot_transaction,itis_acknowledged,tinyint(1),NO,,1
snapshot_transaction,reassess_version,int unsigned,NO,,
snapshot_transaction,min_bin_quantity,int,NO,,0
snapshot_transaction,version,int unsigned,YES,,0
snapshot_transaction,itis_unacknowledged_time,datetime,NO,,CURRENT_TIMESTAMP
snapshot_transaction,thread_id,varchar(255),YES,,
snapshot_transaction,itis_created,datetime,NO,,
snapshot_transaction,itis_updated,timestamp,NO,,CURRENT_TIMESTAMP
snapshot_transaction,entry_date,date,NO,,
snapshot_transaction,update_time,timestamp,NO,,1970-01-31 18:30:00
snapshot_transaction,user_id,int unsigned,YES,,
snapshot_transaction,old_inventory,int unsigned,YES,,
snapshot_transaction,old_inventory_blocked,int unsigned,YES,,
snapshot_transaction,activity,varchar(50),YES,,
snapshot_transaction,shelf_id,int unsigned,YES,,
source,id,int unsigned,NO,PRI,
source,code,varchar(45),NO,UNI,
source,name,varchar(100),NO,,
source,enabled,tinyint(1),NO,,1
source,type,"enum('MARKETPLACE','CART','B2B')",NO,,
source,localization,"enum('NATIONAL','INTERNATIONAL')",NO,,
source,priority,int,NO,,
source,created,datetime,NO,,
source,updated,timestamp,NO,,CURRENT_TIMESTAMP
source_color,id,int unsigned,NO,PRI,
source_color,source_code,varchar(45),NO,MUL,
source_color,color,varchar(45),NO,,
source_color,priority,int,NO,,
state,id,int unsigned,NO,PRI,
state,country_code,varchar(2),NO,MUL,
state,code,varchar(45),NO,UNI,
state,iso2_code,varchar(10),NO,MUL,
state,alternate_state_code,varchar(45),YES,MUL,
state,name,varchar(45),NO,,
state,alternate_state_names,varchar(500),YES,,
state,longitude,float,YES,,
state,latitude,float,YES,,
state,enabled,tinyint(1),NO,,1
state,created,datetime,NO,,
state,updated,timestamp,NO,,CURRENT_TIMESTAMP
state,type,"enum('STATE','UNION_TERRITORY')",YES,,STATE
state,gst_code,varchar(2),YES,UNI,
sub_cycle_count,id,int unsigned,NO,PRI,
sub_cycle_count,code,varchar(45),NO,MUL,
sub_cycle_count,cycle_count_id,int unsigned,NO,MUL,
sub_cycle_count,status_code,varchar(45),NO,,
sub_cycle_count,target_completion,datetime,NO,,
sub_cycle_count,completed,datetime,YES,,
sub_cycle_count,created,datetime,NO,,
sub_cycle_count,updated,timestamp,NO,,CURRENT_TIMESTAMP
sub_cycle_count,context,varchar(256),YES,,
sub_cycle_count,user_id,int unsigned,YES,,
system_configuration,id,int unsigned,NO,PRI,
system_configuration,id_unique,varchar(256),NO,UNI,abcd
system_configuration,facility_id,int unsigned,YES,MUL,
system_configuration,tenant_id,int unsigned,NO,MUL,
system_configuration,name,varchar(100),NO,MUL,
system_configuration,display_name,varchar(100),NO,,
system_configuration,value,text,NO,,
system_configuration,type,varchar(5000),NO,,
system_configuration,hidden,tinyint(1),YES,,0
system_configuration,condition_expression,varchar(500),YES,,
system_configuration,access_resource_name,varchar(45),YES,,MINIMAL
system_configuration,group_name,varchar(45),NO,,
system_configuration,sequence,int,NO,,
system_configuration,created,datetime,NO,,
system_configuration,updated,timestamp,NO,,CURRENT_TIMESTAMP
system_health_monitor,id,int unsigned,NO,PRI,
system_health_monitor,tenant_id,int unsigned,NO,MUL,
system_health_monitor,name,varchar(45),NO,,
system_health_monitor,handler_script_name,varchar(256),NO,,
system_health_monitor,description,varchar(256),YES,,
system_health_monitor,action_page_url,varchar(256),YES,,
system_health_monitor,severity,int,NO,,0
system_health_monitor,enabled,tinyint(1),NO,,1
system_health_monitor,cron_expression,varchar(100),NO,,
system_health_monitor,created,datetime,NO,,
system_health_monitor,updated,timestamp,NO,,CURRENT_TIMESTAMP
tag,id,int unsigned,NO,PRI,
tag,tenant_id,int unsigned,NO,MUL,
tag,name,varchar(45),NO,MUL,
task,id,int unsigned,NO,PRI,
task,tenant_id,int unsigned,NO,MUL,
task,name,varchar(100),NO,MUL,
task,task_class,varchar(256),NO,,
task,execution_level,"enum('TENANT','FACILITY')",NO,,
task,start_time,datetime,NO,,
task,end_time,datetime,YES,,
task,delay,int unsigned,NO,,
task,last_exec_result,text,YES,,
task,last_exec_time,datetime,YES,,
task,severity,int unsigned,NO,,0
task,notification_level,int unsigned,NO,,1
task,notification_email,varchar(200),YES,,
task,notification_email_template,varchar(45),YES,,
task,enabled,tinyint(1),NO,,1
task,created,datetime,NO,,
task,updated,timestamp,NO,,CURRENT_TIMESTAMP
task_parameter,id,int unsigned,NO,PRI,
task_parameter,task_id,int unsigned,NO,MUL,
task_parameter,name,varchar(45),NO,,
task_parameter,value,text,NO,,
tax_type,id,int unsigned,NO,PRI,
tax_type,tenant_id,int unsigned,NO,MUL,
tax_type,code,varchar(45),NO,MUL,
tax_type,name,varchar(100),NO,,
tax_type,taxable_price_type,"enum('UNIT_PRICE','MAX_RETAIL_PRICE')",NO,,UNIT_PRICE
tax_type,created,datetime,NO,,
tax_type,updated,timestamp,NO,,CURRENT_TIMESTAMP
tax_type,hsn_code,varchar(45),YES,,
tax_type,gst,tinyint(1),YES,,0
tax_type_configuration,id,int unsigned,NO,PRI,
tax_type_configuration,tax_type_id,int unsigned,NO,MUL,
tax_type_configuration,country_code,varchar(45),YES,MUL,
tax_type_configuration,state_code,varchar(45),YES,MUL,
tax_type_configuration,created,datetime,NO,,
tax_type_configuration,updated,timestamp,NO,,CURRENT_TIMESTAMP
tax_type_configuration_range,id,int unsigned,NO,PRI,
tax_type_configuration_range,tax_type_configuration_id,int unsigned,NO,MUL,
tax_type_configuration_range,vat,"decimal(6,3)",NO,,
tax_type_configuration_range,cst,"decimal(6,3)",NO,,
tax_type_configuration_range,cst_formc,"decimal(6,3)",NO,,
tax_type_configuration_range,additional_tax,"decimal(6,3)",NO,,0.000
tax_type_configuration_range,start_price,"decimal(12,2)",NO,,0.00
tax_type_configuration_range,end_price,"decimal(12,2)",NO,,9999999999.99
tax_type_configuration_range,created,datetime,NO,,
tax_type_configuration_range,updated,timestamp,NO,,CURRENT_TIMESTAMP
tax_type_configuration_range,central_gst,"decimal(6,3)",NO,,
tax_type_configuration_range,state_gst,"decimal(6,3)",NO,,
tax_type_configuration_range,union_territory_gst,"decimal(6,3)",NO,,
tax_type_configuration_range,integrated_gst,"decimal(6,3)",NO,,
tax_type_configuration_range,compensation_cess,"decimal(6,3)",NO,,
tenant,id,int unsigned,NO,PRI,
tenant,code,varchar(45),NO,UNI,
tenant,name,varchar(45),NO,,
tenant,access_url,varchar(200),NO,UNI,
tenant,reco_url,varchar(200),YES,,
tenant,xpress_url,varchar(255),YES,,
tenant,product_code,varchar(45),NO,MUL,STANDARD
tenant,account_code,varchar(45),YES,,
tenant,status_code,"enum('ACTIVE','INACTIVE','SUSPENDED')",NO,,ACTIVE
tenant,mode,"enum('LIVE','TESTING')",NO,,LIVE
tenant,go_live_date,datetime,YES,,
tenant,base_tenant_id,int unsigned,YES,MUL,
tenant,access_ip_whitelist,text,YES,,
tenant,logo_url,varchar(200),YES,,
tenant,setup_state,varchar(128),YES,MUL,
tenant,created,datetime,NO,,
tenant,updated,timestamp,NO,,CURRENT_TIMESTAMP
tenant,last_reactivation_date,datetime,YES,,
tenant,company_name,varchar(100),NO,,
tenant,favicon_url,varchar(200),YES,,
tenant,domains,varchar(1000),YES,,
tenant,api_ip_whitelist,varchar(2000),YES,,
tenant_setup_state,id,int unsigned,NO,PRI,
tenant_setup_state,code,varchar(128),NO,UNI,
tenant_setup_state,description,varchar(256),NO,,
tenant_setup_state,enabled,tinyint(1),NO,,1
tenant_setup_state,position,int,NO,,
tenant_source,id,int unsigned,NO,PRI,
tenant_source,tenant_id,int unsigned,NO,MUL,
tenant_source,source_code,varchar(45),NO,,
tenant_source,enabled,tinyint(1),YES,,1
tenant_source,created,datetime,NO,,
tenant_source,updated,timestamp,NO,,CURRENT_TIMESTAMP
triggers_UN_7968_bkp,id,int unsigned,NO,PRI,
triggers_UN_7968_bkp,trigger_name,varchar(256),NO,,
triggers_UN_7968_bkp,action_statement,longtext,NO,,
triggers_UN_7968_bkp,created,datetime,NO,,
ui_custom_list,id,int unsigned,NO,PRI,
ui_custom_list,tenant_id,int unsigned,NO,MUL,
ui_custom_list,name,varchar(45),NO,,
ui_custom_list,options,text,NO,,
ui_custom_list,created,datetime,NO,,
ui_custom_list,updated,timestamp,NO,,CURRENT_TIMESTAMP
unified_dispatch_group_performance,id,int unsigned,NO,PRI,
unified_dispatch_group_performance,dispatch_group_id,int unsigned,NO,MUL,
unified_dispatch_group_performance,user_id,int unsigned,NO,MUL,
unified_dispatch_group_performance,event,varchar(20),NO,,
unified_dispatch_group_performance,event_timestamp,timestamp,NO,,CURRENT_TIMESTAMP
unified_dispatch_group_performance,associated_shipments_count,bigint,NO,,0
uniship_event_history,id,int unsigned,NO,PRI,
uniship_event_history,status,varchar(255),NO,,
uniship_event_history,message,varchar(1024),NO,,
uniship_event_history,notification_id,int unsigned,NO,MUL,
uniship_event_history,created,timestamp,NO,,CURRENT_TIMESTAMP
uniship_event_history,updated,timestamp,NO,,CURRENT_TIMESTAMP
upi_detail,id,int unsigned,NO,PRI,
upi_detail,party_id,int unsigned,NO,MUL,
upi_detail,upi_address,varchar(100),YES,,
upi_detail,bank_name,varchar(100),YES,,
upi_detail,account_number,varchar(45),YES,,
upi_detail,ifsc_code,varchar(15),YES,,
upi_detail,created,datetime,NO,,
upi_detail,updated,timestamp,NO,,CURRENT_TIMESTAMP
user,id,int unsigned,NO,PRI,
user,tenant_id,int unsigned,NO,MUL,
user,current_facility_id,int unsigned,YES,MUL,
user,username,varchar(45),NO,,
user,email,varchar(100),YES,,
user,user_email,varchar(100),YES,,
user,normalized_email,varchar(100),YES,,
user,enabled,tinyint(1),NO,,1
user,mobile,varchar(10),YES,,
user,mobile_verified,tinyint(1),NO,,0
user,name,varchar(100),YES,,
user,gender,"enum('M','F')",YES,,
user,blocked,tinyint(1),NO,,0
user,hidden,tinyint(1),NO,,0
user,last_accessed_from,varchar(256),YES,,
user,last_login_time,datetime,YES,,
user,created,datetime,NO,,
user,updated,timestamp,NO,,CURRENT_TIMESTAMP
user,api_access_enabled,tinyint(1),NO,,1
user_comment,id,int unsigned,NO,PRI,
user_comment,tenant_id,int unsigned,NO,MUL,
user_comment,reference_identifier,varchar(75),NO,MUL,
user_comment,user_id,int unsigned,NO,MUL,
user_comment,comment,varchar(1000),NO,,
user_comment,system_generated,tinyint(1),NO,,0
user_comment,deleted,tinyint(1),NO,,0
user_comment,created,datetime,NO,,
user_comment,updated,timestamp,NO,,CURRENT_TIMESTAMP
user_datatable_view,id,int unsigned,NO,PRI,
user_datatable_view,id_unique,varchar(256),NO,UNI,abcd
user_datatable_view,tenant_id,int unsigned,NO,MUL,
user_datatable_view,user_id,int unsigned,YES,MUL,
user_datatable_view,datatable_type,varchar(50),NO,MUL,
user_datatable_view,name,varchar(45),NO,,
user_datatable_view,code,varchar(45),NO,,
user_datatable_view,config_json,text,NO,,
user_datatable_view,display_order,int,NO,,10
user_datatable_view,system_view,tinyint(1),NO,,0
user_datatable_view,enabled,tinyint(1),NO,,1
user_datatable_view,created,datetime,NO,,
user_datatable_view,updated,timestamp,NO,,CURRENT_TIMESTAMP
user_datatable_view,access_resource_name,varchar(100),NO,,MINIMAL
user_history,id,int unsigned,NO,PRI,
user_history,tenant_id,int unsigned,YES,MUL,
user_history,facility_id,int unsigned,YES,MUL,
user_history,user_id,int unsigned,YES,MUL,
user_history,role_id,int unsigned,YES,MUL,
user_history,access_resource_name,varchar(255),YES,,
user_history,request_id,varchar(255),YES,,
user_history,action,varchar(100),YES,,
user_history,action_by_user,varchar(100),YES,,
user_history,action_on_user,varchar(100),YES,,
user_history,action_time,datetime,YES,,CURRENT_TIMESTAMP
user_history,description,text,YES,,
user_history,ip_address,varchar(100),YES,,
user_history,requested_facility_id,int unsigned,YES,MUL,
user_role,id,int unsigned,NO,PRI,
user_role,facility_id,int unsigned,YES,MUL,
user_role,user_id,int unsigned,NO,MUL,
user_role,role_id,int unsigned,NO,MUL,
user_role,enabled,tinyint(1),NO,,1
user_role,created,datetime,NO,,
user_role,updated,timestamp,NO,,CURRENT_TIMESTAMP
user_widget,id,int unsigned,NO,PRI,
user_widget,dashboard_widget_id,int unsigned,NO,MUL,
user_widget,user_id,int unsigned,NO,MUL,
user_widget,sequence,int,NO,,
user_widget,created,datetime,NO,,
user_widget,updated,timestamp,NO,,CURRENT_TIMESTAMP
user_widget,subscribed,tinyint(1),NO,,0
vault_key_management,id,int unsigned,NO,PRI,
vault_key_management,tenant_id,int unsigned,NO,MUL,
vault_key_management,key_alias,varchar(200),NO,UNI,
vault_key_management,source_code,varchar(200),NO,,
vault_key_management,created,timestamp,NO,,CURRENT_TIMESTAMP
vault_key_management_audit,id,int unsigned,NO,PRI,
vault_key_management_audit,tenant_id,int unsigned,NO,MUL,
vault_key_management_audit,key_alias,varchar(200),NO,UNI,
vault_key_management_audit,source_code,varchar(200),NO,,
vault_key_management_audit,created,datetime,NO,,
vendor,id,int unsigned,NO,PRI,
vendor,user_id,int unsigned,YES,MUL,
vendor,purchase_expiry_period,int,YES,,
vendor,accepts_cform,tinyint(1),NO,,0
vendor,lead_time,int,NO,,24
vendor,tolerance_percentage,varchar(50),YES,,
vendor_agreement,id,int unsigned,NO,PRI,
vendor_agreement,name,varchar(200),NO,,
vendor_agreement,vendor_id,int unsigned,NO,MUL,
vendor_agreement,start_time,datetime,NO,,
vendor_agreement,end_time,datetime,NO,,
vendor_agreement,agreement_text,text,NO,,
vendor_agreement,status_code,varchar(45),NO,MUL,
vendor_agreement_status,id,int unsigned,NO,PRI,
vendor_agreement_status,code,varchar(45),NO,UNI,
vendor_agreement_status,description,varchar(45),YES,,
vendor_invoice,id,int unsigned,NO,PRI,
vendor_invoice,facility_id,int unsigned,NO,MUL,
vendor_invoice,user_id,int unsigned,NO,MUL,
vendor_invoice,from_party_id,int unsigned,NO,MUL,
vendor_invoice,to_party_id,int unsigned,NO,MUL,
vendor_invoice,type,"enum('DEBIT','CREDIT')",NO,,
vendor_invoice,code,varchar(45),NO,,
vendor_invoice,purchase_order_id,int unsigned,YES,MUL,
vendor_invoice,vendor_invoice_number,varchar(45),YES,,
vendor_invoice,vendor_invoice_date,date,YES,,
vendor_invoice,currency_code,varchar(45),NO,,
vendor_invoice,currency_conversion_rate,"decimal(12,5)",NO,,1.00000
vendor_invoice,credit_vendor_invoice_id,int unsigned,YES,MUL,
vendor_invoice,status_code,varchar(45),NO,MUL,
vendor_invoice,created,datetime,NO,,
vendor_invoice,updated,timestamp,NO,,CURRENT_TIMESTAMP
vendor_invoice_item,id,int unsigned,NO,PRI,
vendor_invoice_item,vendor_invoice_id,int unsigned,NO,MUL,
vendor_invoice_item,item_type_id,int unsigned,YES,MUL,
vendor_invoice_item,description,varchar(500),NO,,
vendor_invoice_item,unit_price,"decimal(12,2) unsigned",NO,,
vendor_invoice_item,quantity,int unsigned,NO,,
vendor_invoice_item,subtotal,"decimal(12,2) unsigned",NO,,
vendor_invoice_item,discount,"decimal(12,2) unsigned",NO,,0.00
vendor_invoice_item,tax_percentage,"decimal(6,3)",NO,,
vendor_invoice_item,vat,"decimal(12,2)",NO,,0.00
vendor_invoice_item,cst,"decimal(12,2)",NO,,0.00
vendor_invoice_item,service_tax,"decimal(12,2)",NO,,0.00
vendor_invoice_item,additional_tax_percentage,"decimal(6,3)",NO,,
vendor_invoice_item,additional_tax,"decimal(12,2)",NO,,0.00
vendor_invoice_item,total,"decimal(12,2)",NO,,0.00
vendor_invoice_item,created,datetime,NO,,
vendor_invoice_item,updated,timestamp,NO,,CURRENT_TIMESTAMP
vendor_invoice_item,central_gst,"decimal(12,2)",NO,,0.00
vendor_invoice_item,state_gst,"decimal(12,2)",NO,,0.00
vendor_invoice_item,union_territory_gst,"decimal(12,2)",NO,,0.00
vendor_invoice_item,integrated_gst,"decimal(12,2)",NO,,0.00
vendor_invoice_item,compensation_cess,"decimal(12,2)",NO,,0.00
vendor_invoice_item,central_gst_percentage,"decimal(6,3)",NO,,
vendor_invoice_item,state_gst_percentage,"decimal(6,3)",NO,,
vendor_invoice_item,union_territory_gst_percentage,"decimal(6,3)",NO,,
vendor_invoice_item,integrated_gst_percentage,"decimal(6,3)",NO,,
vendor_invoice_item,compensation_cess_percentage,"decimal(6,3)",NO,,
vendor_invoice_status,id,int unsigned,NO,PRI,
vendor_invoice_status,code,varchar(45),NO,UNI,
vendor_invoice_status,description,varchar(45),YES,,
vendor_item_type,id,int unsigned,NO,PRI,
vendor_item_type,vendor_id,int unsigned,NO,MUL,
vendor_item_type,item_type_id,int unsigned,NO,MUL,
vendor_item_type,vendor_sku_code,varchar(100),NO,MUL,
vendor_item_type,unit_price,"decimal(12,2)",NO,,
vendor_item_type,vendor_inventory,int unsigned,NO,,0
vendor_item_type,priority,int unsigned,NO,,10
vendor_item_type,lead_time,int,YES,,
vendor_item_type,facility_id,int unsigned,NO,MUL,
vendor_item_type,enabled,tinyint(1),NO,,1
vendor_item_type,created,datetime,NO,,
vendor_item_type,updated,timestamp,NO,,CURRENT_TIMESTAMP
volumetric_dimensions,id,int unsigned,NO,PRI,
volumetric_dimensions,facility_id,int unsigned,NO,MUL,
volumetric_dimensions,machine_name,varchar(20),NO,,
volumetric_dimensions,identifier,varchar(20),NO,,
volumetric_dimensions,length,varchar(20),NO,,
volumetric_dimensions,height,varchar(20),NO,,
volumetric_dimensions,width,varchar(20),NO,,
volumetric_dimensions,weight,varchar(20),NO,,
volumetric_dimensions,unit_dimension,varchar(20),NO,,
volumetric_dimensions,unit_weight,varchar(20),NO,,
work_order,id,int unsigned,NO,PRI,
work_order,facility_id,int unsigned,NO,MUL,
work_order,user_id,int unsigned,NO,MUL,
work_order,code,varchar(255),NO,MUL,
work_order,pick_set_id,int unsigned,YES,MUL,
work_order,picklist_id,int unsigned,YES,MUL,
work_order,vendor_id,int unsigned,YES,MUL,
work_order,status_code,varchar(20),NO,,
work_order,type,varchar(20),NO,,
work_order,item_type_id,int unsigned,NO,MUL,
work_order,quantity,int unsigned,NO,,0
work_order,mrp,"decimal(12,2)",YES,,
work_order,cost,"decimal(12,2)",YES,,
work_order,vendor_batch_number,varchar(255),YES,,
work_order,country_of_origin,varchar(255),YES,,
work_order,bill_of_entry,varchar(255),YES,,
work_order,manufacturing_date,datetime,YES,,
work_order,expiry_date,datetime,YES,,
work_order,created,datetime,NO,,CURRENT_TIMESTAMP
work_order,updated,timestamp,NO,,CURRENT_TIMESTAMP
work_order,completed_quantity,int unsigned,NO,,0
work_order,putaway_id,int unsigned,YES,MUL,
work_order,batch_id,int unsigned,YES,MUL,
work_order,shelf_id,int unsigned,YES,,
work_order,trade_price,"decimal(12,2) unsigned",YES,,
work_order,ean,varchar(13),YES,,
work_order_batch_fields,id,int unsigned,NO,PRI,
work_order_batch_fields,facility_id,int unsigned,NO,MUL,
work_order_batch_fields,work_order_id,int unsigned,NO,MUL,
work_order_batch_fields,mrp,"decimal(12,2)",YES,,
work_order_batch_fields,cost,"decimal(12,2)",YES,,
work_order_batch_fields,vendor_batch_number,varchar(255),YES,,
work_order_batch_fields,country_of_origin,varchar(255),YES,,
work_order_batch_fields,bill_of_entry,varchar(255),YES,,
work_order_batch_fields,manufacturing_date,datetime,YES,,
work_order_batch_fields,expiry_date,datetime,YES,,
work_order_batch_fields,created,datetime,YES,,
work_order_batch_fields,updated,timestamp,YES,,
work_order_batch_fields,vendor,varchar(255),YES,,
work_order_batch_fields,trade_price,"decimal(12,2) unsigned",YES,,
work_order_batch_fields,ean,varchar(13),YES,,
work_order_item,id,int unsigned,NO,PRI,
work_order_item,work_order_id,int unsigned,NO,MUL,
work_order_item,item_type_id,int unsigned,NO,MUL,
work_order_item,item_type_inventory_id,int unsigned,YES,MUL,
work_order_item,type,varchar(50),YES,,
work_order_item,allocated_quantity,int unsigned,NO,,0
work_order_item,blocked_quantity,int unsigned,NO,,0
work_order_item,damaged_quantity,int unsigned,YES,,0
work_order_item,created,datetime,YES,,CURRENT_TIMESTAMP
work_order_item,updated,timestamp,YES,,CURRENT_TIMESTAMP
work_order_item,batch_code,varchar(255),YES,,
work_order_item,scanned_quantity,int unsigned,NO,,0
write_ahead_transaction_log,id,int unsigned,NO,PRI,
write_ahead_transaction_log,parent_task_id,varchar(50),NO,MUL,
write_ahead_transaction_log,trx_code,varchar(50),NO,,
write_ahead_transaction_log,start_index,int,NO,,
write_ahead_transaction_log,end_index,int,NO,,
write_ahead_transaction_log,trx_properties,varchar(250),YES,,
